Nr,exercise,question,answer,english
1,1,sein,"war, gewesen",to be
2,1,haben,"hatte, gehabt","to have, to contain"
3,1,werden,"wurde, geworden","to become, will, to be done (passive voice)"
4,1,können,"konnte, gekonnt","can, to be able to"
5,1,wollen,"wollte, gewollt",to want
6,1,müssen,"musste, gemusst","must, to have to, to be obliged (to do something)"
7,1,sollen,"sollte, gesollt","shall, to be asked (to do something)"
8,1,mögen,"mochte, gemocht",to like
9,1,dürfen,"durfte, gedurft","to be allowed (to do something), may"
10,2,wissen,"wusste, gewusst","to know, to have knowledge"
11,2,machen,"machte, gemacht","to make, to prepare (e.g. food), to do"
12,2,tun,"tat, getan","to do, to do something to someone"
13,2,sagen,"sagte, gesagt","to say, to tell"
14,2,gehen,"ging, gegangen","to go, to leave, to work, to function (coll.)"
15,2,sehen,"sah, gesehen","to see, to see (to something), to realise"
16,2,geben,"gab, gegeben",to give
17,2,kommen,"kam, gekommen","to come, to make it (e.g. over something), to go to, to occur"
18,2,glauben,"glaubte, geglaubt",to believe
19,2,reden,"redete, geredet",to talk
20,2,hören,"hörte, gehört","to hear, to listen to"
21,3,finden,"fand, gefunden",to find
22,3,bleiben,"blieb, geblieben","to remain, to stay"
23,3,brauchen,"brauchte, gebraucht",to need
24,3,lieben,"liebte, geliebt",to love
25,3,bringen,"brachte, gebracht","to bring, to take, to lead"
26,3,stehen,"stand, gestanden","to stand, to be, to appear"
27,3,heißen,"hieß, geheißen","to be called, to mean"
28,3,nehmen,"nahm, genommen","to take, to cause oneself to be (in some state)"
29,3,sprechen,"sprach, gesprochen",to speak
30,3,bekommen,"bekam, bekommen","to receive, to catch (e.g. a cold), to sit well with someone"
31,3,vergessen,"vergaß, vergessen","to forget, to leave (forget to take)"
32,3,halten,"hielt, gehalten","to hold, to stop (a movement), to support, to keep"
33,3,warten,"wartete, gewartet","to wait, to maintain (e.g. a car)"
34,3,kennen,"kannte, gekannt","to know, to be acquainted with, to be familiar with"
35,3,verstehen,"verstand, verstanden","to understand, to get along with someone/something"
36,3,denken,"dachte, gedacht","to think, to consider"
37,3,leben,"lebte, gelebt",to live
38,3,arbeiten,"arbeitete, gearbeitet",to work
39,3,essen,"aß, gegessen",to eat
40,3,bieten,"bot, geboten","to offer, to bid, to arise, to occur (of an opportunity) (refl.)"
41,4,aufstehen,"stand auf, aufgestanden","to get up, to be open (e.g. a window, door)"
42,4,anziehen,"zog an, angezogen","to get dressed, to put on, to dress someone, to attract, to pull"
43,4,ausziehen,"zog aus, ausgezogen","to take something off, to undress, to pull out, to move out"
44,4,spielen,"spielte, gespielt",to play
45,4,fahren,"fuhr, gefahren","to go (by vehicle), to leave, to drive"
46,4,versuchen,"versuchte, versucht",to try
47,4,erzählen,"erzählte, erzählt","to tell, to narrate"
48,4,fragen,"fragte, gefragt","to ask, to wonder (refl.)"
49,4,treffen,"traf, getroffen","to meet, to encounter"
50,4,hoffen,"hoffte, gehofft",to hope
51,4,suchen,"suchte, gesucht","to seek, to search"
52,4,trinken,"trank, getrunken",to drink
53,4,lernen,"lernte, gelernt","to learn, to study (revise/review materials), to train something"
54,4,zeigen,"zeigte, gezeigt","to show, to point at, to demonstrate"
55,4,schlafen,"schlief, geschlafen",to sleep
56,4,kaufen,"kaufte, gekauft",to buy
57,4,laufen,"lief, gelaufen","to walk, to flow (of a fluid), to run (of an event)"
58,4,erklären,"erklärte, erklärt","to explain, to declare, to assert"
59,4,zahlen,"zahlte, gezahlt","to pay (for something), to atone for"
60,4,kochen,"kochte, gekocht","to cook, to boil (to heat a liquid), to boil something"
61,5,waschen,"wusch, gewaschen",to wash
62,5,aufwachen,"wachte auf, aufgewacht",to wake up
63,5,zeichnen,"zeichnete, gezeichnet","to draw, to sketch"
64,5,wohnen,"wohnte, gewohnt","to live, to reside, to dwell"
65,5,schreiben,"schrieb, geschrieben",to write
66,5,tragen,"trug, getragen","to wear (clothing), to carry, to hold"
67,5,interessieren,"interessierte, interessiert","to interest, to be interested in (refl.)"
68,5,ziehen,"zog, gezogen","to pull, to drag, to move"
69,5,lesen,"las, gelesen",to read
70,5,kosten,"kostete, gekostet","to cost, to taste"
71,5,wiederholen,"wiederholte, wiederholt",to repeat
72,5,übersetzen,"übersetzte, übersetzt",to translate
73,5,buchstabieren,"buchstabierte, buchstabiert",to spell
74,5,bedeuten,"bedeutete, bedeutet","to mean, to signify"
75,5,funktionieren,"funktionierte, funktioniert","to function, to work"
76,5,erinnern,"erinnerte, erinnert","to remind, to remember (refl.)"
77,5,fühlen,"fühlte, gefühlt","to feel, to feel something (good/bad) (refl.)"
78,5,regnen,"regnete, geregnet",to rain
79,5,schneien,"schneite, geschneit",to snow
80,5,führen,"führte, geführt","to lead, to guide"
81,6,passieren,"passierte, passiert","to happen (conversational), to move beyond, to strain"
82,6,verlieren,"verlor, verloren",to lose
83,6,bestimmen,"bestimmte, bestimmt",to determine
84,6,holen,"holte, geholt",to fetch
85,6,anrufen,"rief an, angerufen","to call by telephone, to call on (someone)"
86,6,aufhören,"hörte auf, aufgehört","to stop, to cease an activity/process"
87,6,anfangen,"fing an, angefangen",to begin something new
88,6,gewinnen,"gewann, gewonnen",to win
89,6,wehtun,"tat weh, wehgetan","to hurt, to be painful"
90,6,öffnen,"öffnete, geöffnet",to open (formal)
91,6,bezahlen,"bezahlte, bezahlt","to pay, to pay someone"
92,6,beginnen,"begann, begonnen",to begin (on a date/time)
93,6,benutzen,"benutzte, benutzt",to use (something)
94,6,schicken,"schickte, geschickt",to send
95,6,lachen,"lachte, gelacht",to laugh
96,6,scheinen,"schien, geschienen","to seem, to shine"
97,6,ändern,"änderte, geändert",to change (one's personality/behavior)
98,6,verkaufen,"verkaufte, verkauft",to sell
99,6,gehören,"gehörte, gehört",to belong to
100,6,sitzen,"sass, gesessen","to be seated, to stay, to fit (of clothing)"
101,7,stellen,"stellte, gestellt","to position, to put, to catch"
102,7,setzen,"setzte, gesetzt","to set, to sit down (refl.)"
103,7,liegen,"lag, gelegen","to lie, to be located"
104,7,danken,"dankte, gedankt",to thank
105,7,legen,"legte, gelegt","to lay, to lean, to lie down"
106,7,schauen,"schaute, geschaut",to look at (Bayern/Austria)
107,7,besuchen,"besuchte, besucht",to visit
108,7,freuen,"freute, gefreut","to make glad, to be glad (refl.), to look forward (refl.)"
109,7,schließen,"schloss, geschlossen","to shut, to close, to lock, to conclude"
110,7,einladen,"lud ein, eingeladen","to invite, to load (something into a container)"
111,7,gefallen,"gefiel, gefallen","to please, to appeal to"
112,7,wünschen,"wünschte, gewünscht",to wish
113,7,passen,"passte, gepasst","to fit, to suit"
114,7,folgen,"folgte, gefolgt",to follow
115,7,ansehen,"sah an, angesehen","to look at something, to watch something"
116,7,aussehen,"sah aus, ausgesehen","to look (like), to appear"
117,7,probieren,"probierte, probiert","to try, to taste, to sample, to probe"
118,7,träumen,"träumte, geträumt",to dream
119,7,fernsehen,"sah fern, ferngesehen",to watch TV
120,7,schwimmen,"schwamm, geschwommen","to swim, to float"
121,8,reisen,"reiste, gereist",to travel
122,8,feiern,"feierte, gefeiert",to celebrate
123,8,antworten,"antwortete, geantwortet","to answer, to reply"
124,8,wählen,"wählte, gewählt","to choose, to dial (a number), to vote"
125,8,ausgehen,"ging aus, ausgegangen","to go out, to run out (e.g. of money)"
126,8,zählen,"zählte, gezählt",to count
127,8,ankommen,"kam an, angekommen","to arrive, to depend on something"
128,8,dauern,"dauerte, gedauert","to last, to take (time)"
129,8,kennenlernen,"lernte kennen, kennengelernt","to meet someone, to get to know someone/something"
130,8,anmelden,"meldete an, angemeldet","to register, to sign up"
131,8,lassen,"ließ, gelassen","to let, to leave, to allow"
132,8,verlassen,"verließ, verlassen","to leave, to trust with something (refl.), to pass away, to die"
133,8,helfen,"half, geholfen",to help
134,8,bewegen,"bewegte, bewegt",to move
135,8,versprechen,"versprach, versprochen","to promise, to hope for, to misspeak"
136,8,hängen,"hing, gehangen","to hang, to be fond of, depend on"
137,8,mieten,"mietete, gemietet","to rent, to hire"
138,8,rauchen,"rauchte, geraucht",to smoke (e.g. a cigarette)
139,8,sterben,"starb, gestorben",to die
140,8,heiraten,"heiratete, geheiratet",to marry
141,9,kämpfen,"kämpfte, gekämpft","to fight, to struggle"
142,9,fehlen,"fehlte, gefehlt","to lack, to be absent/missing"
143,9,sorgen,"sorgte, gesorgt","to care, to worry"
144,9,vorstellen,"stellte vor, vorgestellt","to introduce, to present oneself (refl.), to move forward, to represent"
145,9,stehlen,"stahl, gestohlen",to steal
146,9,stimmen,"stimmte, gestimmt","to be true, to vote, to tune"
147,9,entscheiden,"entschied, entschieden",to decide
148,9,vermissen,"vermisste, vermisst",to miss something/someone
149,9,werfen,"warf, geworfen",to throw
150,9,erkennen,"erkannte, erkannt","to recognise, to realise"
151,9,teilen,"teilte, geteilt","to split, to share, to divide"
152,9,bauen,"baute, gebaut",to build
153,9,melden,"meldete, gemeldet","to report, to register"
154,9,brechen,"brach, gebrochen",to break
155,9,steigen,"stieg, gestiegen","to ascend, to climb, to rise"
156,9,singen,"sang, gesungen",to sing
157,9,empfehlen,"empfahl, empfohlen","to recommend, to suggest"
158,9,verändern,"veränderte, verändert","to alter, to change something"
159,9,bitten,"bat, gebeten","to ask, to request"
160,9,besitzen,"besass, besessen","to own, to possess, to have"
161,10,merken,"merkte, gemerkt","to notice, to realise, to remember (refl.)"
162,10,stören,"störte, gestört","to disturb, to interfere"
163,10,annehmen,"nahm an, angenommen","to accept, to assume (a hypothesis), to receive, to suppose"
164,10,übernehmen,"übernahm, übernommen",to take over
165,10,stattfinden,"fand statt, stattgefunden","to take place, to occur"
166,10,fangen,"fing, gefangen",to catch
167,10,enthalten,"enthielt, enthalten","to contain, to include"
168,10,dienen,"diente, gedient","to serve, to function"
169,10,verschwinden,"verschwand, verschwunden","to disappear, to get lost"
170,10,schützen,"schützte, geschützt","to defend (lawyer), to protect (sunprotection)"
171,10,nennen,"nannte, genannt","to name, to call someone something, to mention"
172,10,schätzen,"schätzte, geschätzt","to appreciate, to evaluate, to guess"
173,10,erwarten,"erwartete, erwartet","to expect, to await"
174,10,drehen,"drehte, gedreht","to turn, to veer"
175,10,behalten,"behielt, behalten",to keep
176,10,verpassen,"verpasste, verpasst","to miss (to be late for something, e.g. a train)"
177,10,schenken,"schenkte, geschenkt","to gift, to give as a present"
178,10,wachsen,"wuchs, gewachsen","to grow, to increase"
179,10,springen,"sprang, gesprungen","to spring, to jump"
180,10,befinden,"befand, befunden","to be located (refl.), to find, to consider (formal)"
181,11,fallen,"fiel, gefallen","to fall, to fall in battle, to collapse"
182,11,kümmern,"kümmerte, gekümmert","to take care (refl.), to trouble, to concern"
183,11,drücken,"drückte, gedrückt","to press, to push"
184,11,vergleichen,"verglich, verglichen",to compare
185,11,putzen,"putzte, geputzt","to clean, to rub"
186,11,einkaufen,"kaufte ein, eingekauft",to shop
187,11,veröffentlichen,"veröffentlichte, veröffentlicht","to publish, to release"
188,11,testen,"testete, getestet","to test, to examine"
189,11,lösen,"löste, gelöst","to loosen, to solve, to separate, to remove"
190,11,kontrollieren,"kontrollierte, kontrolliert","to control, to check"
191,11,unterstützen,"unterstützte, unterstützt","to support, to provide help"
192,11,treiben,"trieb, getrieben","to practice (sport), to propel, to put forth, to urge (figuratively), to fuck, to float, to sprout, to get up to"
193,11,tanzen,"tanzte, getanzt",to dance
194,11,studieren,"studierte, studiert","to study, to major in (a subject)"
195,11,sinken,"sank, gesunken","to sink, to decrease, to drop"
196,11,klingen,"klang, geklungen","to sound, to ring, to seem"
197,11,schmecken,"schmeckte, geschmeckt","to taste, to be tasty"
198,11,mitteilen,"teilte mit, mitgeteilt","to inform, to notify, to communicate"
199,11,streiten,"stritt, gestritten","to argue, to fight, to quarrel"
200,11,entwickeln,"entwickelte, entwickelt","to develop, to evolve, to create"
201,12,ersetzen,"ersetzte, ersetzt","to replace, to substitute, to compensate for"
202,12,leiden,"litt, gelitten","to suffer, to endure, to bear"
203,12,diskutieren,"diskutierte, diskutiert","to discuss, to debate"
204,12,rufen,"rief, gerufen","to call, to shout, to summon"
205,12,vorschlagen,"schlug vor, vorgeschlagen","to suggest, to propose"
206,12,überzeugen,"überzeugte, überzeugt","to convince, to persuade"
207,12,vermuten,"vermutete, vermutet","to suspect, to assume, to suppose"
208,12,überlegen,"überlegte, überlegt","to consider, to think about, to reflect"
209,12,teilnehmen,"nahm teil, teilgenommen","to participate, to take part"
210,12,gründen,"gründete, gegründet","to found, to establish, to start"
211,12,überprüfen,"überprüfte, überprüft","to check, to examine, to verify"
212,12,beraten,"beriet, beraten","to advise, to consult, to discuss"
213,12,vertreten,"vertrat, vertreten","to represent, to advocate, to stand in for"
214,12,bewerben,"bewarb, beworben","to apply (for a job, position)"
215,12,erstellen,"erstellte, erstellt","to create, to prepare, to compile"
216,12,korrigieren,"korrigierte, korrigiert","to correct, to fix, to revise"
217,12,beenden,"beendete, beendet","to finish, to end, to complete"
218,12,anbieten,"bot an, angeboten","to offer, to provide, to propose"
219,12,mitnehmen,"nahm mit, mitgenommen","to take along, to take with"
220,12,mitbringen,"brachte mit, mitgebracht","to bring along, to bring with"
221,13,sammeln,"sammelte, gesammelt","to collect, to gather, to accumulate"
222,13,aufpassen,"passte auf, aufgepasst","to pay attention, to watch out, to take care"
223,13,hassen,"hasste, gehasst","to hate, to detest"
224,13,zurückgehen,"ging zurück, zurückgegangen","to go back, to decrease, to decline"
225,13,ärgern,"ärgerte, geärgert","to annoy, to irritate, to anger"
226,13,schieben,"schob, geschoben","to push, to shove, to wheel"
227,13,kündigen,"kündigte, gekündigt","to resign, to quit, to terminate, to cancel"
228,13,heben,"hob, gehoben","to lift, to raise"
229,13,abholen,"holte ab, abgeholt","to pick up, to collect"
230,13,wechseln,"wechselte, gewechselt","to change, to switch, to exchange"
231,13,wirken,"wirkte, gewirkt","to have an effect, to work"
232,13,verletzen,"verletzte, verletzt","to injure, to hurt, to violate"
233,13,zustimmen,"stimmte zu, zugestimmt","to agree, to consent, to approve"
234,13,erhalten,"erhielt, erhalten","to receive, to get, to obtain, to preserve"
235,13,erlauben,"erlaubte, erlaubt","to allow, to permit"
236,13,trennen,"trennte, getrennt","to separate, to divide, to split"
237,13,darstellen,"stellte dar, dargestellt","to depict, to portray, to represent, to illustrate"
238,13,greifen,"griff, gegriffen","to grab, to grasp, to seize"
239,13,entfernen,"entfernte, entfernt","to remove, to eliminate"
240,13,verlieben,"verliebte, verliebt",to fall in love
241,14,verdienen,"verdiente, verdient","to earn, to deserve"
242,14,aufräumen,"räumte auf, aufgeräumt","to tidy up, to clean up, to clear"
243,14,beschreiben,"beschrieb, beschrieben","to describe, to depict"
244,14,verbinden,"verband, verbunden","to connect, to link, to join, to bandage"
245,14,rennen,"rannte, gerannt","to run, to race, to sprint"
246,14,pflanzen,"pflanzte, gepflanzt","to plant, to sow"
247,14,ausruhen,"ruhte aus, ausgeruht","to rest, to relax"
248,14,entspannen,"entspannte, entspannt","to relax, to unwind"
249,14,verbringen,"verbrachte, verbracht","to spend (time), to pass"
250,14,vorhaben,"hatte vor, vorgehabt","to intend, to plan, to be up to"
251,14,erleben,"erlebte, erlebt","to experience, to live through"
252,14,malen,"malte, gemalt","to paint, to draw"
253,14,erholen,"erholte, erholt","to recover, to recuperate"
254,14,planen,"plante, geplant","to plan, to schedule"
255,14,entdecken,"entdeckte, entdeckt","to discover, to find"
256,14,fliegen,"flog, geflogen","to fly, to travel by plane"
257,14,erfahren,"erfuhr, erfahren","to learn, to find out, to experience"
258,14,enttäuschen,"enttäuschte, enttäuscht","to disappoint, to let down"
259,14,genießen,"genoss, genossen","to enjoy, to savor, to relish"
260,14,besichtigen,"besichtigte, besichtigt","to visit, to tour, to inspect"
261,15,spazieren,"spazierte, spaziert","to stroll, to walk leisurely"
262,15,wandern,"wanderte, gewandert","to hike, to wander, to migrate"
263,15,surfen,"surfte, gesurft",to surf (waves or the internet)
264,15,trainieren,"trainierte, trainiert","to train, to practice, to coach"
265,15,erreichen,"erreichte, erreicht","to reach, to achieve, to attain"
266,15,stecken,"steckte, gesteckt","to stick, to pin"
267,15,überraschen,"überraschte, überrascht",to surprise
268,15,aufmachen,"machte auf, aufgemacht","to open (coll.), to head/move off (refl.), to undo something"
269,15,verbieten,"verbot, verboten","to forbid, to prohibit (with dative)"
270,15,verhindern,"verhinderte, verhindert","to prevent, to hinder, to stop"
271,15,unterschreiben,"unterschrieb, unterschrieben",to sign
272,15,empfangen,"empfing, empfangen","to receive, to welcome, to greet"
273,15,bestellen,"bestellte, bestellt","to order, to reserve"
274,15,buchen,"buchte, gebucht","to book, to reserve"
275,15,liefern,"lieferte, geliefert","to deliver, to supply"
276,15,vertrauen,"vertraute, vertraut",to trust
277,15,raten,"riet, geraten","to advise, to recommend, to guess"
278,15,schneiden,"schnitt, geschnitten","to cut, to slice"
279,15,sparen,"sparte, gespart","to save, to conserve"
280,15,mischen,"mischte, gemischt","to mix, to blend"
281,16,bevorzugen,"bevorzugte, bevorzugt","to prefer, to favor"
282,16,braten,"briet, gebraten","to fry, to roast, to sauté"
283,16,backen,"backte, gebackt",to bake
284,16,grillen,"grillte, gegrillt","to grill, to barbecue"
285,16,reservieren,"reservierte, reserviert","to reserve, to book"
286,16,betreuen,"betreute, betreut","to look after, to care for, to supervise"
287,16,entstehen,"entstand, entstanden","to arise, to develop, to come into being"
288,16,aufnehmen,"nahm auf, aufgenommen","to record, to take in, to absorb, to include"
289,16,gelten,"galt, gegolten","to apply, to be valid, to count"
290,16,verbessern,"verbesserte, verbessert","to improve, to enhance, to correct"
291,16,sichern,"sicherte, gesichert","to secure, to safeguard, to back up"
292,16,beantworten,"beantwortete, beantwortet","to answer, to reply to"
293,16,beschäftigen,"beschäftigte, beschäftigt","to employ, to occupy, to engage"
294,16,vorbereiten,"bereitete vor, vorbereitet","to prepare, to get ready"
295,16,weinen,"weinte, geweint","to cry, to weep"
296,16,einsetzen,"setzte ein, eingesetzt","to use, to apply, to deploy, to insert"
297,16,nutzen,"nutzte, genutzt","to use, to utilize, to benefit from"
298,16,warnen,"warnte, gewarnt","to warn, to caution"
299,16,klären,"klärte, geklärt","to clarify, to resolve, to clear up"
300,16,besprechen,"besprach, besprochen","to discuss, to talk about"
301,17,erhöhen,"erhöhte, erhöht","to increase, to raise, to enhance"
302,17,beschränken,"beschränkte, beschränkt","to limit, to restrict"
303,17,zwingen,"zwang, gezwungen","to force, to compel"
304,17,berücksichtigen,"berücksichtigte, berücksichtigt","to consider, to take into account"
305,17,übertragen,"übertrug, übertragen","to transfer, to transmit, to broadcast"
306,17,beweisen,"bewies, bewiesen","to prove, to demonstrate"
307,17,erfinden,"erfand, erfunden","to invent, to make up, to fabricate"
308,17,rechnen,"rechnete, gerechnet","to calculate, to expect, to count on"
309,17,unterrichten,"unterrichtete, unterrichtet","to teach, to instruct, to inform"
310,17,erzielen,"erzielte, erzielt","to achieve, to obtain, to reach"
311,17,bestehen,"bestand, bestanden","to pass, to exist, to consist, to insist"
312,17,abschließen,"schloss ab, abgeschlossen","to complete, to conclude, to lock"
313,17,loben,"lobte, gelobt","to praise, to commend"
314,17,bilden,"bildete, gebildet","to form, to constitute, to educate"
315,17,ausbilden,"bildete aus, ausgebildet","to train, to educate, to develop"
316,17,herausfinden,"fand heraus, herausgefunden","to find out, to discover, to figure out"
317,17,konzentrieren,"konzentrierte, konzentriert","to concentrate, to focus"
318,17,küssen,"küsste, geküsst","to kiss, to make out"
319,17,verstecken,"versteckte, versteckt","to hide, to conceal"
320,17,zurückkommen,"kam zurück, zurückgekommen","to come back, to return"
321,18,umziehen,"zog um, umgezogen","to move (house), to change clothes"
322,18,zerstören,"zerstörte, zerstört","to destroy, to ruin"
323,18,enden,"endete, geendet","to end, to finish, to conclude"
324,18,beten,"betete, gebetet",to pray
325,18,jagen,"jagte, gejagt","to hunt, to chase, to pursue"
326,18,erkunden,"erkundete, erkundet","to explore, to investigate"
327,18,abgeben,"gab ab, abgegeben","to submit, to hand in, to deliver"
328,18,töten,"tötete, getötet","to kill, to slay"
329,18,achten,"achtete, geachtet","to respect, to pay attention to, to heed"
330,18,absagen,"sagte ab, abgesagt","to cancel, to call off"
331,18,gucken,"guckte, geguckt","to look, to watch, to peek (coll.)"
332,18,anschauen,"schaute an, angeschaut","to look at, to behold, to take a look at, to watch (Bayern/Austria)"
333,18,lauten,"lautete, gelautet","to read, to sound, to go (as in “it goes like…”)"
334,18,spüren,"spürte, gespürt","to feel, to sense, to perceive"
335,18,atmen,"atmete, geatmet",to breathe
336,18,lächeln,"lächelte, gelächelt",to smile
337,18,fürchten,"fürchtete, gefürchtet","to fear, to be afraid of"
338,18,empfinden,"empfand, empfunden","to feel, to sense, to perceive"
339,18,beobachten,"beobachtete, beobachtet","to observe, to watch, to monitor"
340,18,riechen,"roch, gerochen","to smell, to scent, to sniff, to reek"
341,19,duften,"duftete, geduftet","to smell pleasant, to give off a fragrance"
342,19,blicken,"blickte, geblickt","to look, to glance, to gaze"
343,19,anfassen,"fasste an, angefasst","to touch, to handle"
344,19,fliehen,"floh, geflohen","to flee, to escape, to diverge"
345,19,abhängen,"hing ab, abgehangen","to depend on, to hang out (coll.)"
346,19,gelingen,"gelang, gelungen","to succeed, to be successful, to work out"
347,19,herstellen,"stellte her, hergestellt","to produce, to make, to establish"
348,19,verteilen,"verteilte, verteilt","to distribute, to allocate, to hand out"
349,19,treten,"trat, getreten","to step, to kick, to enter"
350,19,bewältigen,"bewältigte, bewältigt","to manage, to cope with, to overcome, to get over"
351,19,ablenken,"lenkte ab, abgelenkt","to distract, to divert, to steer away"
352,19,meiden,"mied, gemieden","to avoid, to shun"
353,19,vorgeben,"gab vor, vorgegeben","to claim, to pretend, to set (a pace)"
354,19,decken,"deckte, gedeckt","to cover, to set (a table), to hedge"
355,19,geraten,"geriet, geraten","to get into, to fall into, to turn out"
356,19,ergänzen,"ergänzte, ergänzt","to complement, to add, to supplement"
357,19,laden,"lud, geladen","to load, to charge, to invite"
358,19,richten,"richtete, gerichtet","to direct, to adjust, to focus, to judge"
359,19,verursachen,"verursachte, verursacht","to cause, to provoke, to bring about"
360,19,schlagen,"schlug, geschlagen","to hit, to beat, to strike, to defeat"
361,20,aufwachsen,"wuchs auf, aufgewachsen","to grow up, to be raised"
362,20,zunehmen,"nahm zu, zugenommen","to increase, to gain (weight), to rise"
363,20,lohnen,"lohnte, gelohnt","to be worthwhile, to pay off"
364,20,messen,"maß, gemessen","to measure, to gauge"
365,20,scheiden,"schied, geschieden","to separate, to divorce, to part"
366,20,spülen,"spülte, gespült","to rinse, to wash, to flush"
367,20,faszinieren,"faszinierte, fasziniert","to fascinate, to captivate"
368,20,ernähren,"ernährte, ernährt","to feed, to nourish, to sustain"
369,20,zubereiten,"bereitete zu, zubereitet","to prepare (food), to cook"
370,20,entsprechen,"entsprach, entsprochen","to correspond, to match, to comply with"
371,20,mitmachen,"machte mit, mitgemacht","to participate, to join in, to go along"
372,20,wecken,"weckte, geweckt","to wake, to awaken, to arouse"
373,20,abnehmen,"nahm ab, abgenommen","to decrease, to lose weight, to remove"
374,20,bewerten,"bewertete, bewertet","to evaluate, to assess, to rate"
375,20,stammen,"stammte, gestammt","to come from, to originate, to descend"
376,20,gebären,"gebar, geboren",to give birth to
377,20,stoßen,"stieß, gestoßen","to push, to bump, to kick, to thrust"
378,20,vermeiden,"vermied, vermieden","to avoid, to prevent"
379,20,hervorheben,"hob hervor, hervorgehoben","to emphasize, to highlight, to stress"
380,20,erfüllen,"erfüllte, erfüllt","to fulfill, to satisfy, to carry out"
381,21,entziehen,"entzog, entzogen","to withdraw, to remove, to deprive"
382,21,gewöhnen,"gewöhnte, gewöhnt","to get used to, to accustom oneself"
383,21,auswählen,"wählte aus, ausgewählt","to choose, to select"
384,21,verzichten,"verzichtete, verzichtet","to renounce, to give up, to do without, to forgo"
385,21,begründen,"begründete, begründet","to justify, to explain, to establish"
386,21,zugeben,"gab zu, zugegeben","to admit, to confess, to add"
387,21,besorgen,"besorgte, besorgt","to get, to obtain, to take care of"
388,21,abfahren,"fuhr ab, abgefahren","to depart, to leave"
389,21,abbauen,"baute ab, abgebaut","to dismantle, to reduce, to break down"
390,21,lügen,"log, gelogen","to lie, to tell a falsehood"
391,21,schreien,"schrie, geschrien","to scream, to shout, to yell"
392,21,entschuldigen,"entschuldigte, entschuldigt","to excuse, to apologize"
393,21,beschweren,"beschwerte, beschwert","to complain, to weigh down"
394,21,bestätigen,"bestätigte, bestätigt","to confirm, to acknowledge, to endorse"
395,21,erwähnen,"erwähnte, erwähnt","to mention, to refer to"
396,21,informieren,"informierte, informiert","to inform, to notify"
397,21,reagieren,"reagierte, reagiert","to react, to respond"
398,21,äußern,"äußerte, geäußert","to express, to voice, to state"
399,21,garantieren,"garantierte, garantiert","to guarantee, to assure"
400,21,kritisieren,"kritisierte, kritisiert","to criticize, to censure"
401,22,ankündigen,"kündigte an, angekündigt","to announce, to declare"
402,22,aussprechen,"sprach aus, ausgesprochen","to pronounce, to express, to speak out"
403,22,unterbrechen,"unterbrach, unterbrochen","to interrupt, to suspend"
404,22,zusagen,"sagte zu, zugesagt","to promise, to accept, to agree"
405,22,nachdenken,"dachte nach, nachgedacht","to think about, to reflect, to ponder"
406,22,zweifeln,"zweifelte, gezweifelt","to doubt, to question"
407,22,einstellen,"stellte ein, eingestellt","to hire, to adjust, to stop"
408,22,bearbeiten,"bearbeitete, bearbeitet","to edit, to process, to work on"
409,22,vereinbaren,"vereinbarte, vereinbart","to agree, to arrange, to settle"
410,22,hinweisen,"wies hin, hingewiesen","to indicate, to point out, to refer"
411,22,verwenden,"verwendete, verwendet","to use, to employ, to utilize"
412,22,reinigen,"reinigte, gereinigt","to clean, to cleanse"
413,22,geschehen,"geschah, geschehen","to happen, to occur, to take place"
414,22,beteiligen,"beteiligte, beteiligt","to participate, to be involved, to take part"
415,22,verfügen,"verfügte, verfügt","to have at one’s disposal, to possess, to control"
416,22,benötigen,"benötigte, benötigt","to need, to require"
417,22,schaffen,"schaffte, geschafft","to manage, to accomplish, to create"
418,22,drucken,"druckte, gedruckt",to print
419,22,erledigen,"erledigte, erledigt","to handle, to deal with, to get done"
420,22,herunterladen,"lud herunter, heruntergeladen",to download
421,23,entlassen,"entließ, entlassen","to dismiss, to fire, to release"
422,23,verschieben,"verschob, verschoben","to postpone, to move, to shift"
423,23,ergeben,"ergab, ergeben","to result in, to yield, to surrender"
424,23,leiten,"leitete, geleitet","to lead, to manage, to conduct"
425,23,handeln,"handelte, gehandelt","to act, to deal, to trade, to negotiate"
426,23,schalten,"schaltete, geschaltet","to switch, to shift gears, to turn on/off"
427,23,prüfen,"prüfte, geprüft","to check, to examine, to test, to investigate"
428,23,untersuchen,"untersuchte, untersucht","to investigate, to examine, to analyze"
429,23,auswirken,"wirkte aus, ausgewirkt","to affect, to have an impact"
430,23,entwerfen,"entwarf, entworfen","to design, to draft, to sketch"
431,23,reparieren,"reparierte, repariert","to repair, to fix"
432,23,unternehmen,"unternahm, unternommen","to undertake, to attempt, to take action"
433,23,präsentieren,"präsentierte, präsentiert","to present, to showcase"
434,23,auswerten,"wertete aus, ausgewertet","to evaluate, to analyze, to assess"
435,23,einrichten,"richtete ein, eingerichtet","to set up, to furnish, to arrange"
436,23,anerkennen,"erkannte an, anerkannt","to recognize, to acknowledge, to approve"
437,23,verwalten,"verwaltete, verwaltet","to manage, to administer"
438,23,leisten,"leistete, geleistet","to achieve, to perform, to provide"
439,23,einführen,"führte ein, eingeführt","to introduce, to implement, to import"
440,23,beitragen,"trug bei, beigetragen",to contribute
441,24,anwenden,"wendete an, angewendet","to apply, to make use of"
442,24,versorgen,"versorgte, versorgt","to supply, to provide for, to take care of"
443,24,pflegen,"pflegte, gepflegt","to nurse, to care for, to maintain"
444,24,behandeln,"behandelte, behandelt","to treat, to handle, to deal with"
445,24,erzeugen,"erzeugte, erzeugt","to generate, to produce, to create"
446,24,installieren,"installierte, installiert","to install, to set up"
447,24,produzieren,"produzierte, produziert","to produce, to manufacture"
448,24,verarbeiten,"verarbeitete, verarbeitet","to process, to handle, to work through"
449,24,fressen,"fraß, gefressen","to devour, to eat (animals), to gobble"
450,24,analysieren,"analysierte, analysiert",to analyze
451,24,beurteilen,"beurteilte, beurteilt","to judge, to assess"
452,24,fördern,"förderte, gefördert","to promote, to support"
453,24,berichten,"berichtete, berichtet","to report, to inform, to cover"
454,24,werben,"warb, geworben","to advertise, to recruit"
455,24,beeinflussen,"beeinflusste, beeinflusst","to influence, to affect"
456,24,zulassen,"ließ zu, zugelassen","to allow, to permit, to license"
457,24,verurteilen,"verurteilte, verurteilt","to condemn, to sentence"
458,24,senden,"sandte, gesendet","to send, to broadcast"
459,24,erfolgen,"erfolgte, erfolgt","to occur, to take place"
460,24,beugen,"beugte, gebeugt","to bend, to bow"
461,25,nicken,"nickte, genickt",to nod
462,25,beeindrucken,"beeindruckte, beeindruckt",to impress
463,25,mitkommen,"kam mit, mitgekommen","to come along, to keep up"
464,25,reichen,"reichte, gereicht","to reach, to hand, to be enough"
465,25,regeln,"regelte, geregelt","to regulate, to control, to settle"
466,25,frieren,"fror, gefroren","to freeze, to feel cold"
467,25,ordnen,"ordnete, geordnet","to arrange, to organize, to classify"
468,25,saugen,"saugte, gesaugt","to suck, to vacuum, to suckle"
469,25,abziehen,"zog ab, abgezogen","to remove, to deduct, to withdraw"
470,25,absolvieren,"absolvierte, absolviert","to complete, to graduate, to finish"
471,25,üben,"übte, geübt","to practice, to exercise, to rehearse"
472,25,zielen,"zielte, gezielt","to aim, to target, to focus on"
473,25,forschen,"forschte, geforscht","to research, to investigate"
474,25,leihen,"lieh, geliehen","to lend, to borrow"
475,25,finanzieren,"finanzierte, finanziert","to finance, to fund"
476,25,investieren,"investierte, investiert",to invest
477,25,abheben,"hob ab, abgehoben","to withdraw (money), to take off (aircraft)"
478,25,fordern,"forderte, gefordert","to demand, to require, to call for"
479,25,tanken,"tankte, getankt","to refuel, to fill up"
480,25,füllen,"füllte, gefüllt","to fill, to stuff"
481,26,überweisen,"überwies, überwiesen","to transfer (money), to refer (a patient)"
482,26,stärken,"stärkte, gestärkt","to strengthen, to reinforce"
483,26,erleichtern,"erleichterte, erleichtert","to facilitate, to ease, to relieve"
484,26,verlängern,"verlängerte, verlängert","to extend, to prolong"
485,26,vertiefen,"vertiefte, vertieft","to deepen, to intensify"
486,26,erweitern,"erweiterte, erweitert","to expand, to broaden, to widen, to extend"
487,26,ermöglichen,"ermöglichte, ermöglicht","to enable, to make possible"
488,26,bemerken,"bemerkte, bemerkt","to notice, to observe, to remark"
489,26,begrüßen,"begrüßte, begrüßt","to greet, to welcome"
490,26,bemühen,"bemühte, bemüht","to make an effort, to strive"
491,26,beschließen,"beschloss, beschlossen","to decide, to resolve"
492,26,beauftragen,"beauftragte, beauftragt","to assign, to commission, to instruct"
493,26,berechnen,"berechnete, berechnet","to calculate, to charge"
494,26,bedanken,"bedankte, bedankt",to thank
495,26,beschädigen,"beschädigte, beschädigt","to damage, to harm"
496,26,beruhigen,"beruhigte, beruhigt","to calm, to reassure, to soothe"
497,26,betrinken,"betrank, betrunken",to get drunk
498,26,wetten,"wettete, gewettet","to bet, to wager"
499,26,meinen,"meinte, gemeint","to think, to mean, to have an opinion"
500,26,zögern,"zögerte, gezögert",to hesitate
501,27,bewundern,"bewunderte, bewundert",to admire
502,27,bezeichnen,"bezeichnete, bezeichnet","to designate, to label, to describe"
503,27,überlassen,"überließ, überlassen","to leave to, to entrust, to surrender"
504,27,schreiten,"schritt, geschritten","to stride, to proceed, to step (formal)"
505,27,binden,"band, gebunden","to tie, to bind, to attach"
506,27,gießen,"goss, gegossen","to pour, to water (plants), to cast (metal)"
507,27,blühen,"blühte, geblüht","to bloom, to flourish"
508,27,lehren,"lehrte, gelehrt","to teach, to instruct"
509,27,abbrechen,"brach ab, abgebrochen","to cancel, to break off, to interrupt"
510,27,lenken,"lenkte, gelenkt","to steer, to direct, to guide"
511,27,tauchen,"tauchte, getaucht","to dive, to dip"
512,27,wundern,"wunderte, gewundert","to surprise, to amaze"
513,27,zusammenarbeiten,"arbeitete zusammen, zusammengearbeitet","to cooperate, to collaborate"
514,27,zusammenstellen,"stellte zusammen, zusammengestellt","to compile, to assemble"
515,27,übernachten,"übernachtete, übernachtet","to stay overnight, to spend the night"
516,27,überqueren,"überquerte, überquert",to cross
517,27,trocknen,"trocknete, getrocknet","to dry, to dehumidify"
518,27,verwandeln,"verwandelte, verwandelt","to transform, to convert, to turn into, to metamorphose"
519,27,erscheinen,"erschien, erschienen","to appear, to be published, to seem"
520,27,schießen,"schoss, geschossen","to shoot, to fire"
521,28,verraten,"verriet, verraten","to betray, to reveal"
522,28,starten,"startete, gestartet","to start, to launch, to take off"
523,28,akzeptieren,"akzeptierte, akzeptiert",to accept
524,28,fassen,"fasste, gefasst","to grasp, to seize, to capture, to comprehend"
525,28,verlangen,"verlangte, verlangt","to demand, to request"
526,28,wenden,"wendete, gewendet","to turn, to reverse, to address"
527,28,beachten,"beachtete, beachtet","to notice, to pay attention to, to observe"
528,28,feststellen,"stellte fest, festgestellt","to determine, to ascertain, to notice"
529,28,rücken,"rückte, gerückt","to move, to shift, to edge"
530,28,landen,"landete, gelandet","to land, to end up"
531,28,klappen,"klappte, geklappt","to work out, to go smoothly, to fold"
532,28,behaupten,"behauptete, behauptet","to claim, to assert, to maintain"
533,28,auftreten,"trat auf, aufgetreten","to appear, to occur, to perform"
534,28,vergeben,"vergab, vergeben","to forgive, to award, to assign"
535,28,begleiten,"begleitete, begleitet","to accompany, to escort"
536,28,verlaufen,"verlief, verlaufen","to proceed, to pass, to go (in a certain way)"
537,28,umgehen,"ging um, umgangen","to handle, to deal with, to avoid"
538,28,engagieren,"engagierte, engagiert","to hire, to engage, to get involved"
539,28,profitieren,"profitierte, profitiert","to benefit, to profit"
540,28,prägen,"prägte, geprägt","to shape, to influence, to mint"
541,29,reduzieren,"reduzierte, reduziert","to reduce, to decrease"
542,29,ablehnen,"lehnte ab, abgelehnt","to refuse, to reject, to decline"
543,29,angeben,"gab an, angegeben","to state, to declare, to show off"
544,29,retten,"rettete, gerettet","to save, to rescue"
545,29,ausfallen,"fiel aus, ausgefallen","to fail, to be canceled, to malfunction"
546,29,hinterlassen,"hinterließ, hinterlassen","to leave behind, to bequeath"
547,29,anpassen,"passte an, angepasst","to adapt, to adjust"
548,29,ansprechen,"sprach an, angesprochen","to address, to speak to, to appeal to"
549,29,anzeigen,"zeigte an, angezeigt","to report, to indicate, to display"
550,29,aufbauen,"baute auf, aufgebaut","to build, to establish, to develop"
551,29,ausführen,"führte aus, ausgeführt","to carry out, to execute, to perform"
552,29,beantragen,"beantragte, beantragt","to apply for, to request"
553,29,bedienen,"bediente, bedient","to serve, to operate, to use"
554,29,belegen,"belegte, belegt","to prove, to occupy, to substantiate"
555,29,betonen,"betonte, betont","to emphasize, to stress"
556,29,betragen,"betrug, betragen","to amount to, to come to"
557,29,betreiben,"betrieb, betrieben","to operate, to run, to conduct"
558,29,durchführen,"führte durch, durchgeführt","to carry out, to conduct, to implement"
559,29,eignen,"eignete, geeignet","to be suitable, to be appropriate"
560,29,organisieren,"organisierte, organisiert","to organize, to arrange"
561,30,erheben,"erhob, erhoben","to raise, to collect, to levy"
562,30,errichten,"errichtete, errichtet","to build, to erect, to establish"
563,30,erteilen,"erteilte, erteilt","to grant, to issue, to give"
564,30,erwerben,"erwarb, erworben","to acquire, to purchase, to gain"
565,30,eröffnen,"eröffnete, eröffnet","to open, to inaugurate"
566,30,festlegen,"legte fest, festgelegt","to define, to determine, to set"
567,30,fließen,"floss, geflossen","to flow, to run"
568,30,gelangen,"gelangte, gelangt","to reach, to arrive"
569,30,gestalten,"gestaltete, gestaltet","to shape, to design, to organize"
570,30,gewährleisten,"gewährleistete, gewährleistet","to ensure, to guarantee"
571,30,integrieren,"integrierte, integriert","to integrate, to incorporate"
572,30,löschen,"löschte, gelöscht","to delete, to extinguish, to erase"
573,30,scheitern,"scheiterte, gescheitert","to fail, to fall through"
574,30,speichern,"speicherte, gespeichert","to save, to store"
575,30,sperren,"sperrte, gesperrt","to block, to lock, to close off"
576,30,steigern,"steigerte, gesteigert","to increase, to boost, to enhance"
577,30,einschlafen,"schlief ein, eingeschlafen",to fall asleep
578,30,bereiten,"bereitete, bereitet","to prepare, to cause"
579,30,servieren,"servierte, serviert",to serve
580,30,erwachsen,"erwuchs, erwachsen","to grow up, to arise, to spring up, to accrue"
581,31,steuern,"steuerte, gesteuert","to steer, to control, to govern"
582,31,umsetzen,"setzte um, umgesetzt","to implement, to apply, to put into practice"
583,31,unterscheiden,"unterschied, unterschieden","to distinguish, to differentiate"
584,31,veranstalten,"veranstaltete, veranstaltet","to organize, to arrange, to host"
585,31,verbreiten,"verbreitete, verbreitet","to spread, to disseminate"
586,31,verfassen,"verfasste, verfasst","to write, to compose, to draft"
587,31,verleihen,"verlieh, verliehen","to award, to grant, to lend"
588,31,vermitteln,"vermittelte, vermittelt","to convey, to mediate, to arrange"
589,31,verpflichten,"verpflichtete, verpflichtet","to oblige, to commit, to bind"
590,31,verfolgen,"verfolgte, verfolgt","to pursue, to track, to follow, to prosecute"
591,31,weisen,"wies, gewiesen","to point, to direct, to indicate"
592,31,widmen,"widmete, gewidmet","to dedicate, to devote"
593,31,unterhalten,"unterhielt, unterhalten","to entertain, to maintain, to support, to convert"
594,31,aufregen,"regte auf, aufgeregt","to upset, to agitate, to annoy"
595,31,klingeln,"klingelte, geklingelt","to ring, to chime"
596,31,telefonieren,"telefonierte, telefoniert",to talk on the phone
597,31,reiten,"ritt, geritten",to ride (a horse)
598,31,schweigen,"schwieg, geschwiegen","to be silent, to say nothing"
599,31,verbrennen,"verbrannte, verbrannt","to burn, to consume by fire, to incinerate"
600,31,verabschieden,"verabschiedete, verabschiedet","to say goodbye, to bid farewell, to adopt (a law formally)"
601,101,aussteigen,"stieg aus, ausgestiegen","to exit, to get off"
602,101,stoppen,"stoppte, gestoppt",to stop a movement (vehicle / person)
603,101,zuhören,"hörte zu, zugehört",to listen to someone/something (with dative)
604,101,brennen,"brannte, gebrannt","to burn, to have a strong affection for, to induce pain"
605,101,ausrichten,"richtete aus, ausgerichtet","to align, to arrange, to organize"
606,101,wiegen,"wog, gewogen","to weight, to balance"
607,101,ausfüllen,"füllte aus, ausgefüllt","to complete, to fill in, to fill out"
608,101,ausgeben,"gab aus, ausgegeben","to spend, to expend, to issue"
609,101,ausreichen,"reichte aus, ausgereicht","to suffice, to be sufficient, to be adequate"
610,101,austauschen,"tauschte aus, ausgetauscht","to exchange, to replace, to swap"
611,101,einnehmen,"nahm ein, eingenommen","to capture, to earn, to ingest"
612,101,einschalten,"schaltete ein, eingeschaltet","to switch on, to intervene, to turn on"
613,101,einziehen,"zog ein, eingezogen","to move in, to penetrate, to infiltrate"
614,101,fotografieren,"fotografierte, fotografiert","to take a photo, to photograph"
615,101,protestieren,"protestierte, protestiert","to protest, to object"
616,101,realisieren,"realisierte, realisiert","to realize, to implement, to actualize"
617,101,unterstreichen,"unterstrich, unterstrichen","to underline, to emphasize, to highlight"
618,101,verbrauchen,"verbrauchte, verbraucht","to consume, to use"
619,101,vorlesen,"las vor, vorgelesen","to read aloud, to read out"
620,101,zusammenfassen,"fasste zusammen, zusammengefasst","to summarize, to condense, to abstract"
621,101,aufführen,"führte auf, aufgeführt","to perform, to present"
622,101,erschrecken,"erschrak, erschrocken","to be frightened, to frighten"
623,101,einsteigen,"stieg ein, eingestiegen","to enter, to get in, to board"
624,101,markieren,"markierte, markiert","to mark, to highlight"
625,101,begehen,"beging, begangen","to commit, perpetrate (a crime, an offence)"
626,101,kriegen,"kriegte, gekriegt","to get after asking or fighting, to wage war"
627,101,ertragen,"ertrug, ertragen","to bear, to stand"
628,101,verhaften,"verhaftete, verhaftet","to detain, to take into custody"
629,101,begegnen,"begegnete, begegnet","to encounter (with dative), to meet"
630,101,wagen,"wagte, gewagt","to venture, to dare, to risk, to jeopardise"
631,101,zurückziehen,"zog zurück, zurückgezogen","to withdraw, to pull back, to retreat"
632,101,schaden,"schadete, geschadet","to damage, to harm (someone)"
633,101,umdrehen,"drehte um, umgedreht",to turn around
634,101,zitieren,"zitierte, zitiert","to cite, to quote"
635,101,anhalten,"hielt an, angehalten","to stop (cease moving), to continue, to compel"
636,101,absehen,"sah ab, abgesehen","to foresee, to overlook, to disregard"
637,101,zusehen,"sah zu, zugesehen","to watch, to see, to make sure (that something happens)"
638,101,auffallen,"fiel auf, aufgefallen","to stand out, to catch someone's eye (with dative)"
639,101,begeistern,"begeisterte, begeistert","to enthuse, to be enthusiastic (refl.)"
640,101,aufgeben,"gab auf, aufgegeben","to give up on, to give up (refl.), to abandon"
641,101,bekämpfen,"bekämpfte, bekämpft",to fight against something
642,101,aktivieren,"aktivierte, aktiviert","to activate, to enable"
643,101,verhandeln,"verhandelte, verhandelt",to negotiate
644,101,verhalten,"verhielt, verhalten","to behave (refl.), to act (refl.), to press (coll.)"
645,101,stürzen,"stürzte, gestürzt","to fall, to rush, to throw, to overturn, to overthrow something"
646,101,anschließen,"schloss an, angeschlossen","to join, to attach, to affiliate, to connect"
647,101,bewirken,"bewirkte, bewirkt","to bring about, to cause, to effect"
648,101,einfügen,"fügte ein, eingefügt","to insert, to infix, to conform"
649,101,erfordern,"erforderte, erfordert","to require, to demand, to necessitate"
650,101,ergreifen,"ergriff, ergriffen","to seize, to grasp, to take hold of"
651,101,erstrecken,"erstreckte, erstreckt","to extend, to span, to bestride"
652,101,fortsetzen,"setzte fort, fortgesetzt","to continue, to carry on, to extend, to proceed"
653,101,kopieren,"kopierte, kopiert","to copy, to duplicate"
654,101,senken,"senkte, gesenkt","to lower, to sink, to drop, to reduce"
655,101,überwachen,"überwachte, überwacht","to keep under surveillance, to monitor, to observe, to oversee"
656,101,versehen,"versah, versehen","to provide, to equip, to supply"
657,101,vorlegen,"legte vor, vorgelegt","to present, to submit, to bring forward"
658,101,winken,"winkte, gewinkt",to wave
659,101,zuordnen,"ordnete zu, zugeordnet","to assign, to allocate"
660,101,ermitteln,"ermittelte, ermittelt","to determine, to ascertain"
661,101,klicken,"klickte, geklickt",to click
662,101,verteidigen,"verteidigte, verteidigt",to defend
663,101,eingehen,"ging ein, eingegangen","to shrink (textile), to wither/die (plants, animals), to assume something"
664,101,betreffen,"betraf, betroffen","to concern, to affect"
665,101,anlegen,"legte an, angelegt","to create, to invest"
666,101,betrachten,"betrachtete, betrachtet","to view, to observe"
667,101,beziehen,"bezog, bezogen","to refer, to obtain"
668,101,erfassen,"erfasste, erfasst","to record, to capture"
669,101,umfassen,"umfasste, umfasst","to include, to comprise"
670,101,unterliegen,"unterlag, unterlegen","to be subject to, to undergo"
671,101,vorliegen,"lag vor, vorgelegen","to exist, to be available"
672,101,vornehmen,"nahm vor, vorgenommen","to undertake, to carry out"
673,101,basieren,"basierte, basiert",to base
674,101,genügen,"genügte, genügt","to suffice, to satisfy"
675,101,definieren,"definierte, definiert",to define
676,101,berechtigen,"berechtigte, berechtigt","to authorize, to entitle to, to empower"
677,101,parken,"parkte, geparkt",to park
678,101,joggen,"joggte, gejoggt",to jog
679,101,frühstücken,"frühstückte, gefrühstückt",to have breakfast
680,101,packen,"packte, gepackt","to pack, to grab, to manage"
681,101,biegen,"bog, gebogen","to turn, to bend"
682,101,vorkommen,"kam vor, vorgekommen","to occur, to happen, to advance"
683,101,ablaufen,"lief ab, abgelaufen","to expire, to run out, to discharge"
684,101,anführen,"führte an, angeführt","to cite, to lead, to quote"
685,101,ausdrucken,"druckte aus, ausgedruckt","to print, to print out, to print off"
686,101,ausmachen,"machte aus, ausgemacht","to arrange, to constitute, to represent, to settle"
687,101,eintragen,"trug ein, eingetragen","to register, to enter, to record, to enrol"
688,101,erarbeiten,"erarbeitete, erarbeitet","to develop, to elaborate, to work out, to acquire"
689,101,notieren,"notierte, notiert","to note, to quote"
690,101,renovieren,"renovierte, renoviert","to refurbish, to renovate"
691,101,streiken,"streikte, gestreikt","to strike, to be on strike"
692,101,verschreiben,"verschrieb, verschrieben","to prescribe, to commit oneself to, to misspell by accident"
693,101,vertreiben,"vertrieb, vertrieben","to expel, to dislodge, to displace"
694,101,auspacken,"packte aus, ausgepackt","to unpack, to unwrap, to blow the whistle on"
695,101,existieren,"existierte, existiert",to exist
696,101,bewahren,"bewahrte, bewahrt","to keep, to preserve (to maintain the condition of)"
697,101,verzeihen,"verzieh, verziehen","to forgive, to pardon, to excuse"
698,101,bestrafen,"bestrafte, bestraft",to punish
699,101,stinken,"stank, gestunken",to stink
700,101,berühren,"berührte, berührt",to touch
701,101,anstellen,"stellte an, angestellt","to queue (refl.), to employ someone, to get into mischief"
702,101,auftauchen,"tauchte auf, aufgetaucht","to arise, to surface, to turn up"
703,101,einfallen,"fiel ein, eingefallen","to collapse, to come to mind"
704,101,aussuchen,"suchte aus, ausgesucht","to select, to choose, to pick"
705,101,streichen,"strich, gestrichen","to stroke, to cancel, to spread, to rub, to paint"
706,101,festhalten,"hielt fest, festgehalten","to hold someone/something, to retain something, to record something, to detain"
707,101,bedrohen,"bedrohte, bedroht","to threaten, to menace"
708,101,weitermachen,"machte weiter, weitergemacht","go on, keep going, continue to do something"
709,101,abbilden,"bildete ab, abgebildet","to depict, to map, to illustrate"
710,101,klagen,"klagte, geklagt","to complain, to lament, to sue"
711,101,kleben,"klebte, geklebt","to stick, to adhere, to bond, to glue"
712,101,klopfen,"klopfte, geklopft","to knock, to tap (food)"
713,101,stechen,"stach, gestochen","to sting, to prick, to puncture, to pierce"
714,101,ableiten,"leitete ab, abgeleitet","to derive, to deduce"
715,101,abstimmen,"stimmte ab, abgestimmt","to coordinate, to vote, to adjust"
716,101,anregen,"regte an, angeregt","to encourage, to stimulate, to excite, to inspire"
717,101,anschaffen,"schaffte an, angeschafft","to purchase, to acquire, to procure"
718,101,aufbrechen,"brach auf, aufgebrochen","to leave, to set off, to start, to break, to burst"
719,101,auffordern,"forderte auf, aufgefordert","to request, to invite, to ask"
720,101,aufhalten,"hielt auf, aufgehalten","to stop, to stay, to delay"
721,101,aufheben,"hob auf, aufgehoben","to abolish, to lift, to pick up, to keep"
722,101,aufladen,"lud auf, aufgeladen","to charge, to load, to burden, to impose"
723,101,auflösen,"löste auf, aufgelöst","to dissolve, to resolve, to annul, to liquidate"
724,101,aufsteigen,"stieg auf, aufgestiegen","to rise, to ascend, to advance, to climb"
725,101,auslösen,"löste aus, ausgelöst","to ransom, to trigger, to initiate, to set up"
726,101,ausüben,"übte aus, ausgeübt","to exercise, to perform, to practice"
727,101,befürchten,"befürchtete, befürchtet","to fear, to apprehend, to be afraid"
728,101,beherrschen,"beherrschte, beherrscht","to dominate, to master, to control, to rule"
729,101,beklagen,"beklagte, beklagt","to complain, to lament, to air grievances"
730,101,belasten,"belastete, belastet","to burden, to charge, to strain"
731,101,benennen,"benannte, benannt","to name, to designate, to appoint"
732,101,besetzen,"besetzte, besetzt","to occupy, to border, to cast"
733,101,drängen,"drängte, gedrängt","to urge, to push, to cajole, to shove"
734,101,einleiten,"leitete ein, eingeleitet","to introduce, to initiate, to commence"
735,101,einschränken,"schränkte ein, eingeschränkt","to limit, to restrict, to stint, to circumscribe"
736,101,eintreten,"trat ein, eingetreten","to enter, to join, to occur"
737,101,erregen,"erregte, erregt","to arouse, to stimulate, to agitate"
738,101,interpretieren,"interpretierte, interpretiert","to interpret, to take as"
739,101,klettern,"kletterte, geklettert","to climb, to scale"
740,101,kombinieren,"kombinierte, kombiniert",to combine
741,101,konsumieren,"konsumierte, konsumiert",to consume
742,101,nachweisen,"wies nach, nachgewiesen","to prove, to account for, to demonstrate"
743,101,nähern,"näherte, genähert","to approach, to get closer, to advance"
744,101,orientieren,"orientierte, orientiert",to orient
745,101,rechtfertigen,"rechtfertigte, gerechtfertigt","to justify, to warrant, to back up, to exculpate"
746,101,schimpfen,"schimpfte, geschimpft","to scold, to rant"
747,101,schütteln,"schüttelte, geschüttelt","to agitate, to shake, to jolt"
748,101,transportieren,"transportierte, transportiert","to transport, to transfer"
749,101,verkünden,"verkündete, verkündet","to announce, to proclaim, to declare"
750,101,verpacken,"verpackte, verpackt","to pack, to wrap, to package"
751,101,versichern,"versicherte, versichert","to assure, to insure, to cover"
752,101,voraussetzen,"setzte voraus, vorausgesetzt","to presume, to require, to assume"
753,101,wahrnehmen,"nahm wahr, wahrgenommen","to perceive, to notice, to observe, to sense"
754,101,weitergeben,"gab weiter, weitergegeben","to pass on, to impart, to relay"
755,101,widersprechen,"widersprach, widersprochen","to contradict, to disagree"
756,101,zugehen,"ging zu, zugegangen","to approach, to close, to happen"
757,101,zurückgeben,"gab zurück, zurückgegeben","to return, to give back, to answer back"
758,101,zurückhalten,"hielt zurück, zurückgehalten","to restrain, to hold back, to withhold"
759,101,überschreiten,"überschritt, überschritten","to exceed, to overstep, to surpass"
760,101,überleben,"überlebte, überlebt",to survive
761,101,übergeben,"übergab, übergeben","to hand over, to vomit (refl.)"
762,101,stützen,"stützte, gestützt","to support, to back, to hold something up, to bolster"
763,101,rollen,"rollte, gerollt",to roll
764,101,sondern,"sonderte, gesondert","to separate, to split"
765,101,einigen,"einigte, geeinigt","to unite, to reconcile, to agree"
766,101,identifizieren,"identifizierte, identifiziert",to identify
767,101,schmelzen,"schmolz, geschmolzen",to melt
768,101,importieren,"importierte, importiert",to import
769,101,abrufen,"rief ab, abgerufen","to retrieve, to access, to call away"
770,101,aufweisen,"wies auf, aufgewiesen","to exhibit, to feature, to show, to boast"
771,101,bedenken,"bedachte, bedacht","to consider, to reflect, to give, to allow for"
772,101,befassen,"befasste, befasst","to address, to deal with, to attend to"
773,101,beruhen,"beruhte, beruht","to base on, to depend on"
774,101,beschleunigen,"beschleunigte, beschleunigt","to accelerate, to speed up"
775,101,einschließen,"schloss ein, eingeschlossen","to include, to enclose, to lock up, to surround"
776,101,eingeben,"gab ein, eingegeben","to enter, to input, to give, to supply"
777,101,fügen,"fügte, gefügt","to acquiesce, to comply, to fit together"
778,101,gewähren,"gewährte, gewährt","to grant, to afford, to allow, to accord"
779,101,meistern,"meisterte, gemeistert","to master, to overcome, to cope with"
780,101,qualifizieren,"qualifizierte, qualifiziert","to qualify, to qualify for"
781,101,umgeben,"umgab, umgeben","to surround, to enclose, to encompass"
782,101,verringern,"verringerte, verringert","to decrease, to diminish, to ease, to lower"
783,101,verstärken,"verstärkte, verstärkt","to amplify, to intensify, to strengthen"
784,101,vorgehen,"ging vor, vorgegangen","to proceed, to advance, to go ahead"
785,101,vorwerfen,"warf vor, vorgeworfen","to reproach, to accuse of, to allege"
786,101,abonnieren,"abonnierte, abonniert",to subscribe
787,101,kontaktieren,"kontaktierte, kontaktiert",to contact
788,101,aktualisieren,"aktualisierte, aktualisiert",to update
789,101,drohen,"drohte, gedroht",to threaten
790,101,gleichen,"glich, geglichen","to equal, to match, to resemble"
791,101,herrschen,"herrschte, geherrscht","to rule, to prevail, to control"
792,101,erweisen,"erwies, erwiesen","to prove (passively), to turn out to be, to show"
793,101,faulenzen,"faulenzte, gefaulenzt","to chill, to laze around"
794,101,tauschen,"tauschte, getauscht","to swap, to trade, to exchange"
795,101,schälen,"schälte, geschält",to peel
796,101,weggehen,"ging weg, weggegangen","to go away, to leave"
797,101,irren,"irrte, geirrt",to err
798,101,ausstellen,"stellte aus, ausgestellt","to exhibit, to display"
799,101,operieren,"operierte, operiert",to operate
800,101,auszeichnen,"zeichnete aus, ausgezeichnet","to honor, to distinguish"