Nr,level,answer,question
1,1,sein,to be
2,1,haben,"to have, to contain"
3,1,werden,"to become, will, to be done (passive voice)"
4,1,können,"can, to be able to"
5,1,wollen,to want
6,1,müssen,"must, to have to, to be obliged (to do something)"
7,1,sollen,"shall, to be asked (to do something)"
8,1,mögen,to like
9,1,dürfen,"to be allowed (to do something), may"
10,1,wissen,to know
11,1,machen,"to make, to prepare (e.g. food), to do"
12,1,tun,"to do, to do something to someone"
13,1,sagen,"to say, to tell"
14,1,gehen,"to go, to leave, to work, to function (coll.)"
15,1,sehen,"to see, to see (to something), to realise"
16,1,geben,to give
17,1,kommen,"to come, to make it (e.g. over something), to go to, to occur"
18,1,glauben,to believe
19,1,reden,to talk
20,1,hören,"to hear, to listen to"
21,1,finden,to find
22,1,bleiben,"to remain, to stay"
23,1,brauchen,to need
24,1,lieben,to love
25,1,bringen,"to bring, to take, to lead"
26,1,stehen,"to stand, to be, to appear"
27,1,heißen,"to be called, to mean"
28,1,nehmen,"to take, to cause oneself to be (in some state)"
29,1,sprechen,to speak
30,1,bekommen,"to receive, to catch (e.g. a cold), to sit well with someone"
31,1,vergessen,"to forget, to leave (forget to take)"
32,1,halten,"to hold, to stop (a movement), to support, to keep"
33,1,warten,"to wait, to maintain (e.g. a car)"
34,1,kennen,"to know, to be acquainted with, to be familiar with"
35,1,verstehen,"to understand, to get along with someone/something"
36,1,denken,"to think, to consider"
37,1,leben,to live
38,1,arbeiten,to work
39,1,essen,to eat
40,1,bieten,"to offer, to bid, to arise, to occur (of an opportunity) (refl.)"
41,2,aufstehen,"to get up, to be open (e.g. a window, door)"
42,2,anziehen,"to get dressed, to put on, to dress someone, to attract, to pull"
43,2,ausziehen,"to take something off, to undress, to pull out, to move out"
44,2,spielen,to play
45,2,fahren,"to go (by vehicle), to leave, to drive"
46,2,versuchen,to try
47,2,erzählen,"to tell, to narrate"
48,2,fragen,"to ask, to wonder (refl.)"
49,2,treffen,"to meet, to encounter"
50,2,hoffen,to hope
51,2,suchen,"to seek, to search"
52,2,trinken,to drink
53,2,lernen,"to learn, to study (revise/review materials), to train something"
54,2,zeigen,"to show, to point at, to demonstrate"
55,2,schlafen,to sleep
56,2,kaufen,to buy
57,2,laufen,"to walk, to flow (of a fluid), to run (of an event)"
58,2,erklären,"to explain, to declare, to assert"
59,2,zahlen,"to pay (for something), to atone for"
60,2,kochen,"to cook, to boil (to heat a liquid), to boil something"
61,2,waschen,to wash
62,2,aufwachen,to wake up
63,2,zeichnen,"to draw, to sketch"
64,2,wohnen,"to live, to reside, to dwell"
65,2,schreiben,to write
66,2,tragen,"to wear (clothing), to carry, to hold"
67,2,interessieren,"to interest, to be interested in (refl.)"
68,2,ziehen,"to pull, to drag, to move"
69,2,lesen,to read
70,2,kosten,"to cost, to taste"
71,2,wiederholen,to repeat
72,2,übersetzen,to translate
73,2,buchstabieren,to spell
74,2,bedeuten,"to mean, to signify"
75,2,funktionieren,"to function, to work"
76,2,erinnern,"to remind, to remember (refl.)"
77,2,fühlen,"to feel, to feel something (good/bad) (refl.)"
78,2,regnen,to rain
79,2,schneien,to snow
80,2,führen,"to lead, to guide"
81,3,passieren,"to happen (conversational), to move beyond, to strain"
82,3,verlieren,to lose
83,3,bestimmen,to determine
84,3,holen,to fetch
85,3,anrufen,"to call by telephone, to call on (someone)"
86,3,aufhören,"to stop, to cease an activity/process"
87,3,anfangen,to begin something new
88,3,gewinnen,to win
89,3,wehtun,"to hurt, to be painful"
90,3,öffnen,to open (formal)
91,3,bezahlen,"to pay, to pay someone"
92,3,beginnen,to begin (on a date/time)
93,3,benutzen,to use (something)
94,3,schicken,to send
95,3,lachen,to laugh
96,3,scheinen,"to seem, to shine"
97,3,ändern,to change (one's personality/behavior)
98,3,verkaufen,to sell
99,3,gehören,to belong to
100,3,sitzen,"to be seated, to stay, to fit (of clothing)"
101,3,stellen,"to position, to put, to catch"
102,3,setzen,"to set, to sit down (refl.)"
103,3,liegen,"to lie, to be located"
104,3,danken,to thank
105,3,legen,"to lay, to lean, to lie down"
106,3,schauen,to look at (Bayern/Austria)
107,3,besuchen,to visit
108,3,freuen,"to make glad, to be glad (refl.), to look forward (refl.)"
109,3,schließen,"to shut, to close, to lock, to conclude"
110,3,einladen,"to invite, to load (something into a container)"
111,3,gefallen,"to please, to appeal to"
112,3,wünschen,to wish
113,3,passen,"to fit, to suit"
114,3,folgen,to follow
115,3,ansehen,"to look at something, to watch something"
116,3,aussehen,"to look (like), to appear"
117,3,probieren,"to try, to taste, to sample, to probe"
118,3,träumen,to dream
119,3,fernsehen,to watch TV
120,3,schwimmen,"to swim, to float"
121,4,einschlafen,to fall asleep
122,4,reisen,to travel
123,4,feiern,to celebrate
124,4,antworten,"to answer, to reply"
125,4,wählen,"to choose, to dial (a number), to vote"
126,4,ausgehen,"to go out, to run out (e.g. of money)"
127,4,zählen,to count
128,4,ankommen,"to arrive, to depend on something"
129,4,dauern,"to last, to take (time)"
130,4,kennenlernen,"to meet someone, to get to know someone/something"
131,4,anmelden,"to register, to sign up"
132,4,lassen,"to let, to leave, to allow"
133,4,verlassen,"to leave, to trust with something (refl.), to pass away, to die"
134,4,helfen,to help
135,4,bewegen,to move
136,4,versprechen,"to promise, to hope for, to misspeak"
137,4,hängen,"to hang, to be fond of, depend on"
138,4,mieten,"to rent, to hire"
139,4,rauchen,to smoke (e.g. a cigarette)
140,4,sterben,to die
141,4,heiraten,to marry
142,4,kämpfen,"to fight, to struggle"
143,4,fehlen,"to lack, to be absent/missing"
144,4,sorgen,"to care, to worry"
145,4,stecken,"to stick, to pin"
146,4,überraschen,to surprise
147,4,vorstellen,"to introduce, to present oneself (refl.), to move forward, to represent"
148,4,stehlen,to steal
149,4,stimmen,"to be true, to vote, to tune"
150,4,entscheiden,to decide
151,4,vermissen,to miss something/someone
152,4,werfen,to throw
153,4,erkennen,"to recognise, to realise"
154,4,teilen,"to split, to share, to divide"
155,4,bauen,to build
156,4,melden,"to report, to register"
157,4,brechen,to break
158,4,steigen,"to ascend, to climb, to rise"
159,4,singen,to sing
160,4,empfehlen,"to recommend, to suggest"
161,5,aufmachen,"to open (coll.), to head/move off (refl.), to undo something"
162,5,vertrauen,to trust
163,5,verändern,"to alter, to change something"
164,5,bitten,"to ask, to request"
165,5,besitzen,"to own, to possess, to have"
166,5,merken,"to notice, to realise, to remember (refl.)"
167,5,stören,"to disturb, to interfere"
168,5,annehmen,"to accept, to assume (a hypothesis), to receive, to suppose"
169,5,übernehmen,to take over
170,5,stattfinden,"to take place, to occur"
171,5,fangen,to catch
172,5,enthalten,"to contain, to include"
173,5,dienen,"to serve, to function"
174,5,verschwinden,"to disappear, to get lost"
175,5,schützen,"to defend (lawyer), to protect (sunprotection)"
176,5,nennen,"to name, to call someone something, to mention"
177,5,schätzen,"to appreciate, to evaluate, to guess"
178,5,erwarten,"to expect, to await"
179,5,drehen,"to turn, to veer"
180,5,behalten,to keep
181,5,verpassen,"to miss (to be late for something, e.g. a train)"
182,5,schenken,"to gift, to give as a present"
183,5,wachsen,"to grow, to increase"
184,5,springen,"to spring, to jump"
185,5,befinden,"to be located (refl.), to find, to consider (formal)"
186,5,raten,"to advise, to recommend, to guess"
187,5,verbieten,"to forbid, to prohibit (with dative)"
188,5,fallen,"to fall, to fall in battle, to collapse"
189,5,kümmern,"to take care (refl.), to trouble, to concern"
190,5,drücken,"to press, to push"
191,5,vergleichen,to compare
192,5,putzen,"to clean, to rub"
193,5,einkaufen,to shop
194,5,veröffentlichen,"to publish, to release"
195,5,testen,"to test, to examine"
196,5,lösen,"to loosen, to solve, to separate, to remove"
197,5,kontrollieren,"to control, to check"
198,5,unterstützen,"to support, to provide help"
199,5,treiben,"to practice (sport), to propel, to put forth, to urge (figuratively), to fuck, to float, to sprout, to get up to"
200,5,tanzen,to dance
201,6,studieren,"to study, to go to university/college"
202,6,sinken,"to sink, to drop"
203,6,klingen,to sound
204,6,schmecken,to taste
205,6,mitteilen,"to inform, to share"
206,6,streiten,"to argue, to fight, to quarrel"
207,6,entwickeln,to develop
208,6,ersetzen,"to replace, to substitute"
209,6,leiden,"to bear, to endure, to suffer"
210,6,diskutieren,"to discuss, to debate"
211,6,rufen,"to call out, to call for help, to telephone"
212,6,vorschlagen,"to suggest, to propose"
213,6,überzeugen,"to convince, to convince oneself (refl.)"
214,6,vermuten,"to assume something is true, to suppose, suspect something"
215,6,überlegen,"to consider, to think over"
216,6,teilnehmen,"to take part, to participate"
217,6,gründen,"to found, to establish"
218,6,überprüfen,to check
219,6,beraten,"to advise, to consult"
220,6,vertreten,"to represent, to stand for"
221,6,bewerben,to apply (to a job etc.)
222,6,erstellen,"to create, to generate, to compile, to set up"
223,6,korrigieren,"to correct, to rectify, to debug"
224,6,beenden,"to finish, to complete, to terminate (relationship)"
225,6,anbieten,"to offer, to provide"
226,6,fordern,"to demand, to require"
227,6,mitnehmen,"to carry along, to pick up (something), to take away"
228,6,mitbringen,"to bring along, to bring with"
229,6,sammeln,"to collect, to gather"
230,6,aufpassen,"to watch out, to look after something, to be attentive with something"
231,6,hassen,to hate
232,6,zurückgehen,"to go back, to decline"
233,6,ärgern,to annoy oneself (refl.)
234,6,schieben,to push
235,6,kündigen,"to terminate, to cancel"
236,6,heben,"to lift, to raise"
237,6,abholen,"to pick up someone or something, to collect"
238,6,füllen,to fill
239,6,wechseln,"to replace, to change, to exchange"
240,6,wirken,"to work, to be effective, to take affect, to act"
241,107,verletzen,"to hurt, to injure, to violate (rules, laws, etc.)"
242,107,zustimmen,"to agree, to consent"
243,107,erhalten,"to receive (passively), to maintain, to save"
244,107,erlauben,to allow/permit something to someone
245,107,trennen,"to separate, part, uncouple, to disconnect, to isolate"
246,107,darstellen,"to represent, to portray"
247,107,greifen,"to grab, to seize, to reach, to capture"
248,107,entfernen,"to remove, to recede, to deviate, to desert (military)"
249,107,verlieben,to fall in love (refl.)
250,107,verdienen,to earn
251,107,aufräumen,"to tidy up, to clean up"
252,107,spülen,"to rinse, to flush toilets"
253,107,beschreiben,to describe
254,107,verbinden,"to join, to connect, to bandage"
255,107,rennen,"to race, to sprint, to run over someone (aux. with haben)"
256,107,pflanzen,to plant
257,107,beten,to pray
258,107,ausruhen,"to rest (refl.), to relax"
259,107,entspannen,"to relax (refl.), to relieve pressure"
260,107,verbringen,to spend (time)
261,107,vorhaben,to have something planned
262,107,erleben,"to experience, to witness"
263,107,malen,to paint
264,107,jagen,to hunt
265,107,erkunden,to explore
266,107,erholen,to recover
267,107,tanken,to refuel
268,107,planen,to plan
269,107,entdecken,"to discover, to spot"
270,107,fliegen,to fly
271,107,erfahren,"to experience, to find out, to learn"
272,107,enttäuschen,to disappoint
273,107,genießen,"to enjoy (an experience), to relish"
274,107,besichtigen,"to visit, to tour"
275,107,spazieren,"to take a walk, to stroll"
276,107,wandern,"to hike, to wander"
277,107,faszinieren,to fascinate
278,107,surfen,to surf
279,107,trainieren,"to train, to coach, to work out"
280,107,erreichen,to reach
281,108,verhindern,"to prevent, to inhibit"
282,108,unterschreiben,to sign (write one's signature)
283,108,empfangen,"to receive, to welcome (formal), to greet, to conceive (biology)"
284,108,bestellen,"to order (e.g. food), to summon, to reserve"
285,108,buchen,"to book, to reserve"
286,108,liefern,"to deliver something, to provide something, to furnish"
287,108,schneiden,"to cut, to prune"
288,108,sparen,"to save up, to conserve"
289,108,mischen,to mix
290,108,ernähren,"to nourish, to feed"
291,108,bevorzugen,to prefer
292,108,braten,"to fry, to roast"
293,108,backen,to bake
294,108,grillen,"to grill, to have a barbecue"
295,108,bereiten,"to prepare something (meals, coffee, etc.), to give, to cause (pleasure, trouble, etc.)"
296,108,zubereiten,"to prepare, to cook in advance"
297,108,reservieren,to reserve
298,108,servieren,to serve (food or drinks)
299,108,betreuen,"to care for, to supervise"
300,108,entstehen,"to arise, to emerge, to develop"
301,108,aufnehmen,"to pick up, to receive, to take in, to record, to absorb"
302,108,gelten,"to be valid, to be effective, to be worth"
303,108,verbessern,"to improve, to enhance"
304,108,sichern,"to secure, to protect"
305,108,beantworten,to answer (a question)
306,108,beschäftigen,"to concern oneself with something, to take care of"
307,108,absolvieren,"to complete, to finish, to graduate"
308,108,üben,to practice
309,108,vorbereiten,"to prepare (in advance), to prepare oneself (refl.)"
310,108,weinen,"to weep, cry"
311,108,einsetzen,"to insert, to use, to appoint, to risk"
312,108,nutzen,"to use, to utilize"
313,108,warnen,to warn
314,108,klären,to clarify
315,108,besprechen,"to discuss (formal, work related)"
316,108,erhöhen,"to increase, to raise"
317,108,beschränken,"to restrict, to limit"
318,108,zwingen,"to force, to compel"
319,108,berücksichtigen,"to consider, to take into account"
320,108,übertragen,"to transfer, to transmit"
321,109,beweisen,"to prove, to demonstrate"
322,109,erfinden,"to invent, to fabricate (something untrue), to find out"
323,109,zielen,"to aim, to target"
324,109,rechnen,"to calculate, to reckon"
325,109,forschen,to research
326,109,unterrichten,"to teach, to inform"
327,109,erzielen,"to achieve, to reach a result"
328,109,bestehen,"to succeed, to pass (an exam), to consist, to insist"
329,109,abschließen,"to complete, to end, to shut off, to lock up, to conclude (a contract, deal)"
330,109,loben,to praise
331,109,bilden,"to form, to educate oneself (refl.)"
332,109,ausbilden,to train for a profession
333,109,herausfinden,"to find something out, to discover"
334,109,konzentrieren,"to concentrate, to focus"
335,109,küssen,"to kiss, to make out"
336,109,verstecken,to hide
337,109,zurückkommen,to return (to come back)
338,109,umziehen,"to change clothes (refl.), to move house"
339,109,zerstören,to destroy
340,109,enden,to end (passive)
341,109,abgeben,"to hand something in, to emit something, to deliver something, to cede something"
342,109,töten,to kill
343,109,achten,"to respect, to regard someone, to pay attention to something"
344,109,erwachsen,"to grow up, to spring up, to accrue"
345,109,absagen,"to call off, to cancel"
346,109,gucken,"to look, to watch, to have a certain facial expression (Northern Germany)"
347,109,anschauen,"to look at, to behold, to take a look at, to watch (Bayern/Austria)"
348,109,lauten,"to sound, to read (have a certain wording), to be, to state"
349,109,spüren,to sense
350,109,atmen,to breathe
351,109,lächeln,to smile
352,109,fürchten,"to fear, to be afraid"
353,109,empfinden,to feel (emotions)
354,109,beobachten,"to watch, to observe"
355,109,riechen,"to sniff, to reek, to tolerate someone (coll.)"
356,109,duften,to smell
357,109,blicken,"to look, to glance"
358,109,anfassen,to touch
359,109,fliehen,"to flee, to diverge"
360,109,abhängen,"to leave behind, to outdistance, to uncouple, to depend"
361,110,gelingen,"to succeed, to manage"
362,110,herstellen,"to manufacture, to produce"
363,110,verteilen,"to distribute, to share"
364,110,treten,"to step, to read, to kick (a ball)"
365,110,bewältigen,"to cope with, to get over, to overcome, to manage"
366,110,ablenken,"to distract, to divert, to steer away"
367,110,meiden,to avoid (+ nouns only)
368,110,vorgeben,to pretend
369,110,decken,"to cover, to meet"
370,110,geraten,"to get into, to turn out, succeed, to thrive"
371,110,ergänzen,"to add, to complement, to supplement"
372,110,laden,"to load, to charge"
373,110,richten,"to direct, to judge, to be directed (""auf"" towards, ""gegen"" at)"
374,110,verursachen,to cause
375,110,schlagen,"to hit, to defeat, to beat (cooking)"
376,110,aufwachsen,"to grow up, to be raised"
377,110,zunehmen,"to gain weight, to increase"
378,110,lohnen,"to be worthwhile, to pay off"
379,110,messen,"to measure, to gauge"
380,110,scheiden,"to separate, to divorce"
381,110,entsprechen,"to correspond, to comply"
382,110,mitmachen,"to join in, to take part"
383,110,wecken,"to wake, to wake up"
384,110,abnehmen,"to decrease, to lose weight, to accept something, to pick up (of telephones)"
385,110,bewerten,"to evaluate (subjectively), to assess, to rate, to judge"
386,110,stammen,"to descend, originate, be derived"
387,110,gebären,to give birth
388,110,stossen,"to push, to thurst, to shove"
389,110,vermeiden,to avoid (+ nouns or verbs)
390,110,hervorheben,"to point out, to emphasize"
391,110,erfüllen,"to fill (with something), to fulfill, to come true"
392,110,entziehen,"to withdraw, deprive"
393,110,gewöhnen,to accustom oneself to something (refl.)
394,110,auswählen,"to select, to choose"
395,110,verzichten,"to renounce, to forgo, to do without, to waive"
396,110,begründen,"to justify, to explain"
397,110,zugeben,to admit
398,110,besorgen,"to obtain, to manage"
399,110,abfahren,"to depart, to leave, to drive along"
400,110,abbauen,"to dismantle, to deteriorate"
401,111,lügen,"to lie, to give false information (unintentionally)"
402,111,schreien,"to shout, to yell, to scream"
403,111,entschuldigen,"to excuse, to apologise"
404,111,beschweren,to complain
405,111,bestätigen,"to confirm, to corroborate"
406,111,erwähnen,to mention (to speak of something)
407,111,informieren,to inform
408,111,reagieren,"to react, to respond"
409,111,äußern,"to utter, to say, to express"
410,111,garantieren,to guarantee
411,111,kritisieren,to criticize
412,111,ankündigen,"to announce, to declare"
413,111,aussprechen,"to pronounce, express"
414,111,unterbrechen,to interrupt
415,111,zusagen,"to promise, to accept, to confirm"
416,111,nachdenken,"to think, to reflect"
417,111,zweifeln,to doubt
418,111,einstellen,"to employ someone, to adjust, to cease"
419,111,bearbeiten,to edit
420,111,vereinbaren,"to agree, to arrange"
421,111,hinweisen,"to indicate, to point out"
422,111,verwenden,to use (formal)
423,111,reinigen,to clean (formal)
424,111,geschehen,"to occur, to happen (formal)"
425,111,beteiligen,"to take part in something (formal), to consult someone"
426,111,verfügen,"to have, to possess (formal)"
427,111,benötigen,"to need, to require (formal)"
428,111,schaffen,"to create, to produce, to achieve/reach a goal"
429,111,drucken,to print
430,111,erledigen,"to finish, to take care of, to get something done"
431,111,herunterladen,to download
432,111,entlassen,"to dismiss (from a job), to fire, to release (a prisoner or patient)"
433,111,verschieben,"to move (a meeting), to postpone, to defer"
434,111,ergeben,"to produce, to arise, to result in, to turn out, to surrender (refl.)"
435,111,leiten,"to lead, to manage"
436,111,handeln,"to act, to trade, to negotiate"
437,111,schalten,"to switch, to operate"
438,111,prüfen,"to investigate, to check something, to consider"
439,111,untersuchen,"to examine, to investigate"
440,111,auswirken,to impact
441,112,entwerfen,"to design, to draw, to draft"
442,112,reparieren,to repair
443,112,unternehmen,to undertake
444,112,präsentieren,"to present, to introduce"
445,112,auswerten,"to evaluate (objectively), to analyze"
446,112,einrichten,"to set up, to install, to furnish"
447,112,anerkennen,"to acknowledge, to recognize"
448,112,verwalten,"to manage, to administer"
449,112,leisten,"to perform, to afford (refl.)"
450,112,einführen,"to introduce, to implement"
451,112,beitragen,to contribute
452,112,anwenden,"to apply (knowledge, know-how)"
453,112,versorgen,"to provide (for someone), to supply, to feed"
454,112,pflegen,"to maintain, to care for (ill/old people)"
455,112,behandeln,"to treat (medicinally), to treat (physically), to cover (a subject)"
456,112,erzeugen,"to generate, produce, to create"
457,112,installieren,"to install, to set up"
458,112,produzieren,"to produce, to manufacture"
459,112,verarbeiten,"to process, to handle"
460,112,fressen,"to devour, to eat (of an animal), to gorge, to guzzle"
461,112,analysieren,to analyse
462,112,beurteilen,to judge
463,112,fördern,"to promote, to support"
464,112,berichten,"to report, to cover, to indicate, to refer"
465,112,werben,to advertise
466,112,beeinflußen,"to influence, to affect"
467,112,zulassen,"to allow, to license (for a car)"
468,112,verurteilen,"to condemn, to sentence (law)"
469,112,senden,"to broadcast, to send"
470,112,erfolgen,"to occur, to take place"
471,112,beugen,to bow
472,112,nicken,to nod
473,112,beeindrucken,to impress someone
474,112,mitkommen,"to come with someone, to understand something"
475,112,reichen,"to suffice, to be enough"
476,112,regeln,to regulate
477,112,frieren,"to freeze, to be cold"
478,112,ordnen,"to organize, to arrange, to order"
479,112,saugen,"to suck, to vacuum, to suckle"
480,112,abziehen,"to withdraw, to go away, to move off"
481,113,leihen,"to lend, to borrow"
482,113,finanzieren,"to finance, to fund"
483,113,investieren,to invest
484,113,abheben,to withdraw (money)
485,113,überweisen,to transfer (money)
486,113,stärken,to strengthen
487,113,erleichtern,to lighten
488,113,verlängern,to extend
489,113,vertiefen,to deepen
490,113,erweitern,"to expand, to extend, to broaden"
491,113,ermöglichen,"to enable, to facilitate"
492,113,bemerken,"to notice, to remark something"
493,113,begrüßen,"to welcome, to greet"
494,113,bemühen,to make an effort
495,113,beschließen,"to decide something, to end, to close"
496,113,beauftragen,"to instruct, to give an order"
497,113,berechnen,to calculate something
498,113,bedanken,to thank someone
499,113,beschädigen,to damage (objects)
500,113,beruhigen,to calm
501,113,betrinken,to get drunk (refl.)
502,113,wetten,to bet
503,113,meinen,"to be of the opinion, to mean"
504,113,zögern,to hesitate
505,113,bewundern,to admire
506,113,bezeichnen,"to designate, to label"
507,113,überlassen,"to relinquish, to leave something in someone's care"
508,113,schreiten,"to stride, to step, to proceed"
509,113,binden,"to bind, to tie, to tie up, to absorb"
510,113,giessen,"to pour, to cast, to water"
511,113,blühen,to bloom
512,113,lehren,"to teach, to educate"
513,113,abbrechen,"to break off, to abort, to burst off"
514,113,lenken,"to guide, to direct, to steer, to control"
515,113,tauchen,"to dive, to submerge, to disappear"
516,113,wundern,"to wonder, to be surprised"
517,113,zusammenarbeiten,to work together
518,113,zusammenstellen,to put together
519,113,übernachten,to stay overnight
520,113,überqueren,to cross
521,114,trocknen,"to dry, to dehumidify"
522,114,verwandeln,"to transform, to metamorphose, to turn something into something"
523,114,erscheinen,"to appear, to seem"
524,114,schießen,to shoot
525,114,verraten,"to betray, to reveal"
526,114,starten,"to start (car, airplane, etc), to start a competition"
527,114,akzeptieren,to accept
528,114,fassen,to grasp
529,114,verlangen,to demand
530,114,wenden,"to turn something, to make a u-turn"
531,114,beachten,to consider
532,114,feststellen,"to ascertain, to establish"
533,114,rücken,"to move, to shift"
534,114,landen,to land (a plane)
535,114,klappen,"to clap, to fold, to work (out) (coll.)"
536,114,behaupten,"to claim, maintain, assert"
537,114,auftreten,"to appear, to perform"
538,114,vergeben,"to set (work), to forgive, to assign"
539,114,begleiten,"to accompany, to conduct, escort"
540,114,verlaufen,"to blend, to continue, to get lost (refl.), to go (well, poorly, etc.)"
541,114,umgehen,"to avoid, to go around"
542,114,engagieren,"to engage, to commit"
543,114,profitieren,"to benefit, to profit"
544,114,prägen,"to shape, to influence"
545,114,reduzieren,"to reduce, to decrease"
546,114,ablehnen,"to reject, to decline, to refuse"
547,114,angeben,"to indicate, to specify"
548,114,retten,"to save, to rescue"
549,114,ausfallen,to stand out
550,114,hinterlassen,"to leave, to leave behind, to bequeath"
551,114,anpassen,"to adjust, to adapt"
552,114,ansprechen,"to address, to speak to"
553,114,anzeigen,"to show, to display"
554,114,aufbauen,"to build up, to construct"
555,114,ausführen,"to execute, to carry out"
556,114,beantragen,"to apply for, to request"
557,114,bedienen,"to operate, to serve"
558,114,belegen,"to occupy, to reserve, to cover, to prove"
559,114,betonen,"to emphasize, to stress"
560,114,betragen,"to amount to, to come to"
561,115,betreiben,"to run, to operate"
562,115,durchführen,"to carry out, to perform"
563,115,eignen,"to suit, to be suitable"
564,115,organisieren,"to organize, to arrange"
565,115,erheben,"to raise, to collect"
566,115,errichten,"to establish, to erect"
567,115,erteilen,"to grant, to issue"
568,115,erwerben,"to acquire, to purchase"
569,115,eröffnen,"to open, to inaugurate"
570,115,festlegen,"to define, to set"
571,115,fliessen,"to flow, to run"
572,115,gelangen,"to reach, to get to"
573,115,gestalten,"to shape, to design"
574,115,gewährleisten,"to ensure, to guarantee"
575,115,integrieren,"to integrate, to incorporate"
576,115,löschen,"to delete, to erase"
577,115,scheitern,to fail
578,115,speichern,"to save, to store"
579,115,sperren,"to block, to lock"
580,115,steigern,"to increase, to boost"
581,115,steuern,"to control, to steer"
582,115,umsetzen,"to implement, to put into practice"
583,115,unterscheiden,"to distinguish, to differentiate"
584,115,veranstalten,"to organize, to host"
585,115,verbreiten,"to spread, to distribute"
586,115,verfassen,"to compose, to write"
587,115,verleihen,"to award, to grant"
588,115,vermitteln,"to mediate, to convey"
589,115,verpflichten,"to oblige, to commit"
590,115,verfolgen,"to pursue, to persecute, to trace"
591,115,weisen,"to show, to indicate"
592,115,widmen,"to dedicate, to devote"
593,115,unterhalten,"to maintain, to entertain, to converse (refl.)"
594,115,aufregen,"to annoy, to upset (refl.)"
595,115,klingeln,to ring (to produce the sound of a bell or a similar sound)
596,115,telefonieren,to telephone
597,115,reiten,"to ride, to ride on the back of someone/something"
598,115,schweigen,"to be silent, to remain silent"
599,115,verbrennen,"to burn, to incinerate, to burn oneself, to scorch (miltary)"
600,115,verabschieden,"to disband, to see someone off, to say goodbye (refl.), to adopt (a law, etc.)"
601,116,aussteigen,"to exit, to get off"
602,116,stoppen,to stop a movement (vehicle / person)
603,116,zuhören,to listen to someone/something (with dative)
604,116,brennen,"to burn, to have a strong affection for, to induce pain"
605,116,ausrichten,"to align, to arrange, to organize"
606,116,wiegen,"to weight, to balance"
607,116,ausfüllen,"to complete, to fill in, to fill out"
608,116,ausgeben,"to spend, to expend, to issue"
609,116,ausreichen,"to suffice, to be sufficient, to be adequate"
610,116,austauschen,"to exchange, to replace, to swap"
611,116,einnehmen,"to capture, to earn, to ingest"
612,116,einschalten,"to switch on, to intervene, to turn on"
613,116,einziehen,"to move in, to penetrate, to infiltrate"
614,116,fotografieren,"to take a photo, to photograph"
615,116,protestieren,"to protest, to object"
616,116,realisieren,"to realize, to implement, to actualize"
617,116,unterstreichen,"to underline, to emphasize, to highlight"
618,116,verbrauchen,"to consume, to use"
619,116,vorlesen,"to read aloud, to read out"
620,116,zusammenfassen,"to summarize, to condense, to abstract"
621,116,aufführen,"to perform, to present"
622,116,erschrecken,"to be frightened, to frighten"
623,116,einsteigen,"to enter, to get in, to board"
624,116,markieren,"to mark, to highlight"
625,116,begehen,"to commit, perpetrate (a crime, an offence)"
626,116,kriegen,"to get after asking or fighting, to wage war"
627,116,ertragen,"to bear, to stand"
628,116,verhaften,"to detain, to take into custody"
629,116,begegnen,"to encounter (with dative), to meet"
630,116,wagen,"to venture, to dare, to risk, to jeopardise"
631,116,zurückziehen,"to withdraw, to pull back, to retreat"
632,116,schaden,"to damage, to harm (someone)"
633,116,umdrehen,to turn around
634,116,zitieren,"to cite, to quote"
635,116,anhalten,"to stop (cease moving), to continue, to compel"
636,116,absehen,"to foresee, to overlook, to disregard"
637,116,zusehen,"to watch, to see, to make sure (that something happens)"
638,116,auffallen,"to stand out, to catch someone's eye (with dative)"
639,116,begeistern,"to enthuse, to be enthusiastic (refl.)"
640,116,aufgeben,"to give up on, to give up (refl.), to abandon"
641,117,bekämpfen,to fight against something
642,117,aktivieren,"to activate, to enable"
643,117,verhandeln,to negotiate
644,117,verhalten,"to behave (refl.), to act (refl.), to press (coll.)"
645,117,stürzen,"to fall, to rush, to throw, to overturn, to overthrow something"
646,117,anschließen,"to join, to attach, to affiliate, to connect"
647,117,bewirken,"to bring about, to cause, to effect"
648,117,einfügen,"to insert, to infix, to conform"
649,117,erfordern,"to require, to demand, to necessitate"
650,117,ergreifen,"to seize, to grasp, to take hold of"
651,117,erstrecken,"to extend, to span, to bestride"
652,117,fortsetzen,"to continue, to carry on, to extend, to proceed"
653,117,kopieren,"to copy, to duplicate"
654,117,senken,"to lower, to sink, to drop, to reduce"
655,117,überwachen,"to keep under surveillance, to monitor, to observe, to oversee"
656,117,versehen,"to provide, to equip, to supply"
657,117,vorlegen,"to present, to submit, to bring forward"
658,117,winken,to wave
659,117,zuordnen,"to assign, to allocate"
660,117,ermitteln,"to determine, to ascertain"
661,117,klicken,to click
662,117,verteidigen,to defend
663,117,eingehen,"to shrink (textile), to wither/die (plants, animals), to assume something"
664,117,betreffen,"to concern, to affect"
665,117,anlegen,"to create, to invest"
666,117,betrachten,"to view, to observe"
667,117,beziehen,"to refer, to obtain"
668,117,erfassen,"to record, to capture"
669,117,umfassen,"to include, to comprise"
670,117,unterliegen,"to be subject to, to undergo"
671,117,vorliegen,"to exist, to be available"
672,117,vornehmen,"to undertake, to carry out"
673,117,basieren,to base
674,117,genügen,"to suffice, to satisfy"
675,117,definieren,to define
676,117,berechtigen,"to authorize, to entitle to, to empower"
677,117,parken,to park
678,117,joggen,to jog
679,117,frühstücken,to have breakfast
680,117,packen,"to pack, to grab, to manage"
681,118,biegen,"to turn, to bend"
682,118,vorkommen,"to occur, to happen, to advance"
683,118,ablaufen,"to expire, to run out, to discharge"
684,118,anführen,"to cite, to lead, to quote"
685,118,ausdrucken,"to print, to print out, to print off"
686,118,ausmachen,"to arrange, to constitute, to represent, to settle"
687,118,eintragen,"to register, to enter, to record, to enrol"
688,118,erarbeiten,"to develop, to elaborate, to work out, to acquire"
689,118,notieren,"to note, to quote"
690,118,renovieren,"to refurbish, to renovate"
691,118,streiken,"to strike, to be on strike"
692,118,verschreiben,"to prescribe, to commit oneself to, to misspell by accident"
693,118,vertreiben,"to expel, to dislodge, to displace"
694,118,auspacken,"to unpack, to unwrap, to blow the whistle on"
695,118,existieren,to exist
696,118,bewahren,"to keep, to preserve (to maintain the condition of)"
697,118,verzeihen,"to forgive, to pardon, to excuse"
698,118,bestrafen,to punish
699,118,stinken,to stink
700,118,berühren,to touch
701,118,anstellen,"to queue (refl.), to employ someone, to get into mischief"
702,118,auftauchen,"to arise, to surface, to turn up"
703,118,einfallen,"to collapse, to come to mind"
704,118,aussuchen,"to select, to choose, to pick"
705,118,streichen,"to stroke, to cancel, to spread, to rub, to paint"
706,118,festhalten,"to hold someone/something, to retain something, to record something, to detain"
707,118,bedrohen,"to threaten, to menace"
708,118,weitermachen,"go on, keep going, continue to do something"
709,118,abbilden,"to depict, to map, to illustrate"
710,118,klagen,"to complain, to lament, to sue"
711,118,kleben,"to stick, to adhere, to bond, to glue"
712,118,klopfen,"to knock, to tap (food)"
713,118,stechen,"to sting, to prick, to puncture, to pierce"
714,118,ableiten,"to derive, to deduce"
715,118,abstimmen,"to coordinate, to vote, to adjust"
716,118,anregen,"to encourage, to stimulate, to excite, to inspire"
717,118,anschaffen,"to purchase, to acquire, to procure"
718,118,aufbrechen,"to leave, to set off, to start, to break, to burst"
719,118,auffordern,"to request, to invite, to ask"
720,118,aufhalten,"to stop, to stay, to delay"
721,119,aufheben,"to abolish, to lift, to pick up, to keep"
722,119,aufladen,"to charge, to load, to burden, to impose"
723,119,auflösen,"to dissolve, to resolve, to annul, to liquidate"
724,119,aufsteigen,"to rise, to ascend, to advance, to climb"
725,119,auslösen,"to ransom, to trigger, to initiate, to set up"
726,119,ausüben,"to exercise, to perform, to practice"
727,119,befürchten,"to fear, to apprehend, to be afraid"
728,119,beherrschen,"to dominate, to master, to control, to rule"
729,119,beklagen,"to complain, to lament, to air grievances"
730,119,belasten,"to burden, to charge, to strain"
731,119,benennen,"to name, to designate, to appoint"
732,119,besetzen,"to occupy, to border, to cast"
733,119,drängen,"to urge, to push, to cajole, to shove"
734,119,einleiten,"to introduce, to initiate, to commence"
735,119,einschränken,"to limit, to restrict, to stint, to circumscribe"
736,119,eintreten,"to enter, to join, to occur"
737,119,erregen,"to arouse, to stimulate, to agitate"
738,119,interpretieren,"to interpret, to take as"
739,119,klettern,"to climb, to scale"
740,119,kombinieren,to combine
741,119,konsumieren,to consume
742,119,nachweisen,"to prove, to account for, to demonstrate"
743,119,nähern,"to approach, to get closer, to advance"
744,119,orientieren,to orient
745,119,rechtfertigen,"to justify, to warrant, to back up, to exculpate"
746,119,schimpfen,"to scold, to rant"
747,119,schütteln,"to agitate, to shake, to jolt"
748,119,transportieren,"to transport, to transfer"
749,119,verkünden,"to announce, to proclaim, to declare"
750,119,verpacken,"to pack, to wrap, to package"
751,119,versichern,"to assure, to insure, to cover"
752,119,voraussetzen,"to presume, to require, to assume"
753,119,wahrnehmen,"to perceive, to notice, to observe, to sense"
754,119,weitergeben,"to pass on, to impart, to relay"
755,119,widersprechen,"to contradict, to disagree"
756,119,zugehen,"to approach, to close, to happen"
757,119,zurückgeben,"to return, to give back, to answer back"
758,119,zurückhalten,"to restrain, to hold back, to withhold"
759,119,überschreiten,"to exceed, to overstep, to surpass"
760,119,überleben,to survive
761,120,übergeben,"to hand over, to vomit (refl.)"
762,120,stützen,"to support, to back, to hold something up, to bolster"
763,120,rollen,to roll
764,120,sondern,"to separate, to split"
765,120,einigen,"to unite, to reconcile, to agree"
766,120,identifizieren,to identify
767,120,schmelzen,to melt
768,120,importieren,to import
769,120,abrufen,"to retrieve, to access, to call away"
770,120,aufweisen,"to exhibit, to feature, to show, to boast"
771,120,bedenken,"to consider, to reflect, to give, to allow for"
772,120,befassen,"to address, to deal with, to attend to"
773,120,beruhen,"to base on, to depend on"
774,120,beschleunigen,"to accelerate, to speed up"
775,120,einschließen,"to include, to enclose, to lock up, to surround"
776,120,eingeben,"to enter, to input, to give, to supply"
777,120,fügen,"to acquiesce, to comply, to fit together"
778,120,gewähren,"to grant, to afford, to allow, to accord"
779,120,meistern,"to master, to overcome, to cope with"
780,120,qualifizieren,"to qualify, to qualify for"
781,120,umgeben,"to surround, to enclose, to encompass"
782,120,verringern,"to decrease, to diminish, to ease, to lower"
783,120,verstärken,"to amplify, to intensify, to strengthen"
784,120,vorgehen,"to proceed, to advance, to go ahead"
785,120,vorwerfen,"to reproach, to accuse of, to allege"
786,120,abonnieren,to subscribe
787,120,kontaktieren,to contact
788,120,aktualisieren,to update
789,120,drohen,to threaten
790,120,gleichen,"to equal, to match, to resemble"
791,120,herrschen,"to rule, to prevail, to control"
792,120,erweisen,"to prove (passively), to turn out to be, to show"
793,120,faulenzen,"to chill, to laze around"
794,120,tauschen,"to swap, to trade, to exchange"
795,120,schälen,to peel
796,120,weggehen,"to go away, to leave"
797,120,irren,to err
798,120,ausstellen,"to exhibit, to display"
799,120,operieren,to operate
800,120,auszeichnen,"to honor, to distinguish"
801,200,übertreiben,"to exaggerate, to overdo"
802,200,bergen,"to recover, to rescue, to save, to salvage"
803,200,dringen,to penetrate
804,200,gleiten,"to glide, to slide"
805,200,umstellen,"to relocate, to adapt, to change"
806,200,ablösen,"to remove, to detach, to replace"
807,200,abschneiden,"to cut off, to amputate, to block"
808,200,abweichen,"to depart (from), to soak off"
809,200,abwenden,"to turn away, to avert, to abandon"
810,200,agieren,
811,200,ansiedeln,
812,200,aufklären,
813,200,aufschreiben,
814,200,begeben,
815,200,bremsen,
816,200,dokumentieren,
817,200,eilen,
818,200,einreichen,
819,200,einschlagen,
820,200,entgegenkommen,
821,200,erforschen,
822,200,erkundigen,
823,200,erleiden,
824,200,erziehen,
825,200,festnehmen,
826,200,festsetzen,
827,200,konzipieren,
828,200,motivieren,
829,200,spezialisieren,
830,200,strukturieren,
831,200,umarmen,
832,200,verdanken,
833,200,verdoppeln,
834,200,vereinfachen,
835,200,verknüpfen,
836,200,verwirklichen,
837,200,vorbeugen,
838,200,zulegen,
839,200,überholen,
840,200,umbringen,"to kill, to murder, to be very angry at someone"
841,200,preisen,"to praise, to commend"
842,200,beeinträchtigen,
843,200,beinhalten,
844,200,bereitstellen,
845,200,erlassen,
846,200,formen,
847,200,gestatten,
848,200,scheren,
849,200,sicherstellen,
850,200,angehen,"to concern, to tackle (a problem), to turn on (a machine)"
851,200,antreten,"to begin, to compete"
852,200,aufstellen,"to set up, to establish"
853,200,ausbauen,"to expand, to develop"
854,200,ausschließen,"to exclude, to eliminate"
855,200,ausstatten,"to equip, to outfit"
856,200,durchsetzen,"to enforce, to assert"
857,200,registrieren,"to register, to enroll"
858,200,erläutern,"to explain, to clarify"
859,200,kehren,"to return, to sweep"
860,200,verweisen,"to refer, to direct"
861,200,vorsehen,"to plan, to provide for"
862,200,fällen,"to fall, to fell"
863,200,sieben,"to sieve, to filter"
864,200,baden,
865,200,würzen,
866,200,zerschlagen,
867,200,anklicken,
868,200,ausleihen,
869,200,austragen,
870,200,basteln,
871,200,bemalen,
872,200,einpacken,
873,200,gratulieren,
874,200,kommunizieren,
875,200,konstruieren,
876,200,nachfragen,
877,200,recherchieren,
878,200,scannen,
879,200,umbauen,
880,200,umsteigen,
881,200,vergehen,
882,200,vermieten,
883,200,vorbeikommen,
884,200,weiterführen,
885,200,weiterleiten,
886,200,zurückblicken,
887,200,überreichen,
888,200,experimentieren,to experiment
889,200,umtauschen,"to convert, to exchange (currency)"
890,200,verabreden,"to arrange, to make an appointment"
891,201,schleichen,"to sneak, to creep"
892,201,schwingen,
893,201,kommentieren,to comment
894,201,verzehren,to consumme (with your mouth)
895,201,befehlen,
896,201,blasen,
897,201,blitzen,
898,201,deuten,
899,201,einbauen,
900,201,graben,
901,201,heizen,
902,201,herausfordern,
903,201,leuchten,
904,201,managen,
905,201,nützen,
906,201,pfeifen,
907,201,plagen,
908,201,reizen,
909,201,ringen,
910,201,rühren,
911,201,schwitzen,
912,201,siegen,
913,201,toben,
914,201,überwinden,
915,201,verderben,
916,201,vereinigen,
917,201,verwechseln,
918,201,verweigern,
919,201,zaubern,
920,201,zittern,
921,201,abbiegen,
922,201,abdecken,
923,201,abhalten,
924,201,ablegen,
925,201,abrechnen,
926,201,abschreiben,
927,201,absetzen,
928,201,abstellen,
929,201,abwarten,
930,201,abwickeln,
931,201,ahnen,
932,201,anbringen,
933,201,andeuten,
934,201,anfallen,
935,201,angucken,
936,201,animieren,
937,201,ansetzen,
938,201,ansteigen,to increase
939,201,anstreben,
940,201,anstrengen,
941,201,aufbringen,
942,201,aufgehen,
943,201,aufkommen,
944,201,auflisten,
945,201,aufsetzen,
946,201,aufzeigen,
947,201,ausblenden,
948,201,ausbrechen,
949,201,ausbreiten,
950,201,ausdrücken,
951,201,auseinandersetzen,
952,201,ausgleichen,
953,201,aushalten,
954,201,ausrüsten,
955,201,ausstrahlen,
956,201,austreten,
957,201,ausweisen,
958,201,bedecken,
959,201,bedürfen,
960,201,befestigen,
961,201,befragen,
962,201,begreifen,
963,201,begrenzen,
964,201,beitreten,
965,201,bekanntgeben,
966,201,beleuchten,
967,201,bemessen,
968,201,beschuldigen,
969,201,bestreiten,
970,201,betreten,
971,201,bewohnen,
972,201,blättern,
973,201,dastehen,
974,201,dekorieren,
975,201,dominieren,
976,201,einarbeiten,
977,201,einbrechen,
978,201,einbringen,
979,201,eindringen,
980,201,eingestehen,
981,201,eingreifen,
982,201,einhalten,
983,201,einräumen,
984,201,einsammeln,
985,201,eintreffen,
986,201,einzahlen,
987,201,entfallen,
988,201,entnehmen,
989,201,entschärfen,
990,201,entsorgen,
991,201,erbringen,
992,201,ereignen,
993,201,erkranken,
994,201,erlangen,
995,201,erlernen,
996,201,ernten,
997,201,erstatten,
998,201,erwidern,
999,201,erwischen,
1000,201,erörtern,
1001,201,etablieren,
1002,201,feststehen,
1003,201,fungieren,
1004,201,genehmigen,
1005,201,grinsen,
1006,201,hacken,
1007,201,haften,
1008,201,hegen,
1009,201,herauskommen,
1010,201,herausstellen,
1011,201,hinausgehen,
1012,201,hochladen,
1013,201,hocken,
1014,201,ignorieren,
1015,201,infizieren,
1016,201,interviewen,
1017,201,kalkulieren,
1018,201,kennzeichnen,
1019,201,knacken,
1020,201,kompensieren,
1021,201,komponieren,
1022,201,kreisen,
1023,201,kürzen,
1024,201,langweilen,
1025,201,lauern,
1026,201,lehnen,to lean
1027,201,losgehen,
1028,201,mangeln,
1029,201,manipulieren,
1030,201,mitwirken,
1031,201,modernisieren,
1032,201,nachfolgen,
1033,201,nachgehen,
1034,201,neigen,
1035,201,nominieren,
1036,201,nähen,
1037,201,optimieren,
1038,201,platzen,
1039,201,platzieren,
1040,201,pressen,
1041,201,promovieren,
1042,201,publizieren,
1043,201,rauben,
1044,201,recyceln,
1045,201,regieren,
1046,201,reiben,
1047,201,resultieren,
1048,201,schildern,
1049,201,schleppen,
1050,201,schrumpfen,
1051,201,schwinden,
1052,201,sortieren,
1053,201,stabilisieren,
1054,201,synchronisieren,
1055,201,tippen,
1056,201,twittern,
1057,201,unterbreiten,
1058,201,unterbringen,
1059,201,unterlassen,
1060,201,unterlaufen,
1061,201,unterschätzen,
1062,201,veranschaulichen,
1063,201,verbleiben,to remain
1064,201,verdeutlichen,
1065,201,vereinen,
1066,201,verlegen,
1067,201,vermögen,
1068,201,verschaffen,
1069,201,verschenken,
1070,201,verschicken,
1071,201,verschließen,
1072,201,verschönern,
1073,201,versenden,
1074,201,versteigern,
1075,201,verständigen,
1076,201,versäumen,
1077,201,vollziehen,
1078,201,vorankommen,
1079,201,vorschreiben,
1080,201,vorziehen,
1081,201,weigern,
1082,201,widerstehen,
1083,201,wohlfühlen,
1084,201,zucken,
1085,201,zukommen,
1086,201,zurückführen,
1087,201,zurücktreten,
1088,201,zusammenhängen,
1089,201,zusammensetzen,
1090,201,zuschauen,
1091,201,zutreffen,
1092,201,zuwenden,
1093,201,ähneln,
1094,201,überarbeiten,
1095,201,übereinstimmen,
1096,201,übergehen,
1097,201,überreden,
1098,201,überschreiben,
1099,201,vorweisen,to demonstrate
1100,201,hindern,to prevent somebody from doing something
1101,201,schmerzen,"to hurt, to ache"
1102,201,saufen,"to drink (animals), to booze"
1103,201,schwellen,
1104,201,beissen,
1105,201,anfragen,
1106,201,beibehalten,
1107,201,deaktivieren,
1108,201,exportieren,
1109,201,gebieten,
1110,201,geleiten,
1111,201,grenzen,
1112,201,konfigurieren,
1113,201,listen,
1114,201,positionieren,
1115,201,posten,
1116,201,proben,
1117,201,tagen,
1118,201,ticken,
1119,201,übermitteln,
1120,201,verfahren,
1121,201,werten,
1122,201,wiederherstellen,
1123,201,zugreifen,
1124,201,zuweisen,
1125,201,lindern,"to alleviate, to relieve"
1126,201,entschließen,to decide (to do something) (refl.)
1127,201,einbeziehen,"to include, to involve, to integrate"
1128,201,gefährden,to endanger
1129,201,beschützen,"to protect, defend (security)"
1130,201,befreien,to free (make free)
1131,201,füttern,to feed (an animal)
1132,201,gönnen,"to treat, to allow, to grant"
1133,201,formulieren,"to formulate, to phrase"
1134,201,behindern,"to obstruct, to hamper"
1135,201,hetzen,"to rush, to hurry"
1136,201,verschweigen,to conceal
1137,201,befördern,to transport
1138,201,gebrauchen,"to use, to make use of"
1139,201,hingehen,"to go (there), (of time) to pass"
1140,201,schwören,"to swear, to take an oath"
1141,201,angreifen,to attack
1142,201,vernichten,"to destroy, to ruin, to annihilate, to eradicate"
1143,201,heilen,to heal
1144,201,zurückkehren,to return
1145,201,züchten,"to breed, to grow"
1146,201,wehren,"to defend, to resist"
1147,201,herkommen,"to come over, come here (towards the speaker), to come from"
1148,201,betrügen,"to cheat, to swindle, to defraud"
1149,201,beibringen,"to teach, to break (news, information) carefully to, to inflict"
1150,201,reissen,
1151,201,verschwenden,"to squander, to waste"
1152,201,verbergen,to conceal sth: to hide something
1153,201,weitergehen,"to continue, to proceed, to keep moving"
1154,201,versetzen,"to put, to move, to deal, to give (a blow, hit), to transfer (when to do with work)"
1155,201,beleidigen,"to offend someone, to insult someone"
1156,201,anhören,to listen to someone
1157,201,aussetzen,"to pause, to suspend something, to abandon someone, to expose oneself to something (refl.)"
1158,201,trauen,"to trust, to marry, to dare (refl.)"
1159,201,hinzufügen,to add
1160,201,spalten,"to split, to divide"
1161,201,schulden,"to owe, to be due to"
1162,201,mitspielen,
1163,202,auskommen,
1164,202,beleben,
1165,202,brüllen,
1166,202,demonstrieren,
1167,202,erlöschen,
1168,202,erschöpfen,
1169,202,gedeihen,
1170,202,grüßen,
1171,202,isolieren,
1172,202,lauschen,"to listen, to eavesdrop"
1173,202,locken,
1174,202,ruhen,
1175,202,schleifen,
1176,202,schweben,
1177,202,strahlen,
1178,202,streben,
1179,202,strecken,
1180,202,verkehren,
1181,202,abgrenzen,
1182,202,abschalten,
1183,202,abspielen,
1184,202,abzeichnen,
1185,202,angehören,
1186,202,anklagen,
1187,202,anmerken,
1188,202,anordnen,
1189,202,anrichten,
1190,202,anstehen,
1191,202,anvertrauen,
1192,202,aufbewahren,
1193,202,auflegen,
1194,202,aufrufen,
1195,202,aufschlagen,
1196,202,aufsuchen,
1197,202,auftragen,
1198,202,aufziehen,
1199,202,ausdehnen,
1200,202,auslegen,
1201,202,ausnehmen,
1202,202,ausnutzen,
1203,202,ausprobieren,
1204,202,ausschalten,
1205,202,ausscheiden,
1206,202,ausweichen,
1207,202,beabsichtigen,
1208,202,bedauern,
1209,202,befriedigen,
1210,202,berufen,
1211,202,beschaffen,
1212,202,beseitigen,
1213,202,bewähren,
1214,202,bohren,
1215,202,charakterisieren,
1216,202,dulden,
1217,202,durchgehen,
1218,202,durchziehen,
1219,202,einholen,
1220,202,einlassen,
1221,202,einlegen,
1222,202,einschätzen,
1223,202,einsehen,
1224,202,entfalten,
1225,202,entgehen,
1226,202,erhoffen,
1227,202,erschließen,
1228,202,ersparen,
1229,202,erwachen,
1230,202,erwecken,
1231,202,fixieren,
1232,202,flüchten,
1233,202,freigeben,
1234,202,gestehen,
1235,202,herausgeben,
1236,202,herausnehmen,
1237,202,hervorgehen,
1238,202,hervorrufen,
1239,202,hinnehmen,
1240,202,inszenieren,
1241,202,konfrontieren,
1242,202,lagern,
1243,202,loslassen,
1244,202,mahnen,
1245,202,plädieren,
1246,202,reflektieren,
1247,202,repräsentieren,
1248,202,rutschen,
1249,202,schämen,
1250,202,segeln,
1251,202,spannen,
1252,202,spiegeln,
1253,202,trösten,
1254,202,täuschen,
1255,202,umwandeln,
1256,202,unterdrücken,
1257,202,untergehen,
1258,202,unterstellen,
1259,202,veranlassen,
1260,202,verdrängen,
1261,202,verfallen,
1262,202,vermindern,
1263,202,vernachlässigen,
1264,202,vernehmen,
1265,202,versammeln,
1266,202,verschärfen,
1267,202,verwundern,
1268,202,verzeichnen,
1269,202,vorangehen,
1270,202,vortragen,
1271,202,wandeln,
1272,202,wegnehmen,
1273,202,wehen,
1274,202,zuführen,
1275,202,zurückgreifen,
1276,202,zurücklegen,
1277,202,zurückweisen,
1278,202,zusammenkommen,
1279,202,zustehen,
1280,202,zutrauen,
1281,202,überfordern,
1282,202,übersehen,
1283,202,überstehen,
1284,202,überziehen,
1285,202,erschießen,to shoot dead
1286,202,quellen,"to soak, to swell"
1287,202,rinnen,
1288,202,weben,
1289,202,loswerden,to get rid of someone/something
1290,202,erfreuen,"to please, to enjoy (refl.)"
1291,202,hauen,"to slash, to cut, to hit (coll.)"
1292,202,versagen,"to fail, to refuse, to deny"
1293,202,gedenken,"to commemorate, to remember"
1294,202,modern,to modernize
1295,202,angeln,
1296,202,husten,
1297,202,einschreiben,"to sign up, to enroll"
1298,202,beeilen,"to hurry, to hasten, to rush (refl.)"
1299,202,schiefgehen,to go wrong
1300,203,verschlechtern,to worsen
1301,203,abkühlen,to cool down
1302,203,verheiraten,"to marry (to perform the marriage), to get married (refl.)"
1303,203,stricken,to knit
1304,203,unterzeichnen,to sign (formal)
1305,203,erwärmen,to warm
1306,203,verkleinern,to reduce
1307,203,säubern,to clean
1308,203,verkürzen,to shorten
1309,203,verlangsamen,to slow down
1310,203,ermorden,to murder
1311,203,ruinieren,to ruin
1312,203,scheissen,to shit
1313,203,vergiften,to poison
1314,203,anhaben,
1315,203,erkälten,
1316,203,falten,
1317,203,schmeissen,
1318,203,spinnen,
1319,203,Staub saugen,
1320,203,zelten,
1321,203,verkleiden,"to dress up, to disguise oneself (refl.)"
1322,203,rasieren,to shave (refl.)
1323,203,pfeffern,to season with pepper
1324,203,bestreuen,to sprinkle
1325,203,einprägen,to memorize
1326,203,wiedersehen,"to see again, to meet again"
1327,203,nerven,"to annoy someone, to get on someone's nerves"
1328,203,duzen,to address informally
1329,203,siezen,to address formally
1330,203,überfallen,"to attack, to raid (a bank), to invade (a country)"
1331,203,schwächen,to weaken
1332,203,vergrößern,to enlarge
1333,203,verschmutzen,to dirty
1334,203,weichen,to soften
1335,203,vererben,to inherit
1336,203,verdammen,"to condemn, to damn"
1337,203,klauen,to steal (colloquial)
1338,203,entkommen,to escape
1339,203,entführen,"to abduct, to kidnap"
1340,203,riskieren,to risk
1341,203,begraben,to bury
1342,203,besiegen,to defeat (in battle or contest)
1343,203,sanieren,to renovate
1344,203,schnappen,"to snap (with one's mouth), to catch, to nab (a criminal) (coll.)"
1345,203,rauskommen,"to get out, to make it big (with gross before verb)"
1346,203,erschaffen,"to create, to produce, to make"
1347,203,rächen,to take revenge (refl.)
1348,203,bereuen,"to regret something, to rue something"
1349,203,explodieren,to explode
1350,203,opfern,to sacrifice
1351,203,feuern,"to fire (a weapon), to fire (terminate employment)"
1352,203,belohnen,
1353,203,dämpfen,
1354,203,dehnen,
1355,203,ehren,
1356,203,ersticken,
1357,203,erwägen,
1358,203,verrühren,"to stir, to mix"
1359,203,glänzen,
1360,203,heulen,
1361,203,hüpfen,
1362,203,impfen,
1363,203,irritieren,
1364,203,knüpfen,
1365,203,nähren,
1366,203,quälen,
1367,203,räumen,
1368,203,rüsten,
1369,203,segnen,
1370,203,spritzen,
1371,203,staunen,
1372,203,stopfen,
1373,203,taugen,
1374,203,verführen,
1375,203,vergewaltigen,
1376,203,verklagen,
1377,203,verschlafen,
1378,203,verweilen,
1379,203,wachen,
1380,203,währen,
1381,203,weihen,
1382,203,zünden,
1383,203,zurücknehmen,
1384,203,abarbeiten,
1385,203,abfangen,
1386,203,abfinden,
1387,203,abfragen,
1388,203,abführen,
1389,203,abgehen,
1390,203,abhaken,
1391,203,abklären,
1392,203,ablesen,
1393,203,abliefern,
1394,203,abmelden,
1395,203,abrunden,
1396,203,abschaffen,
1397,203,abschieben,
1398,203,abschmecken,
1399,203,abschrecken,
1400,203,abschätzen,
1401,203,absichern,
1402,203,absprechen,
1403,203,absteigen,
1404,203,abstürzen,
1405,203,abtreten,
1406,203,abverlangen,
1407,203,abwechseln,
1408,203,abwehren,
1409,203,abweisen,
1410,203,abwägen,
1411,203,ahnden,
1412,203,alarmieren,
1413,203,anbauen,
1414,203,anbinden,
1415,203,anbraten,
1416,203,andauern,
1417,203,aneignen,
1418,203,anfahren,
1419,203,anfertigen,
1420,203,anfordern,
1421,203,anfühlen,
1422,203,anheben,
1423,203,anknüpfen,
1424,203,ankurbeln,
1425,203,anlaufen,
1426,203,anlocken,
1427,203,anpacken,
1428,203,anrechnen,
1429,203,anreichern,
1430,203,anreisen,
1431,203,ansagen,
1432,203,anschlagen,
1433,203,anschreiben,
1434,203,anspannen,
1435,203,anstecken,
1436,203,ansteuern,
1437,203,anstossen,
1438,203,antreffen,
1439,203,antreiben,
1440,203,anwachsen,
1441,203,anweisen,
1442,203,anzünden,
1443,203,appellieren,
1444,203,argumentieren,
1445,203,arrangieren,
1446,203,attackieren,
1447,203,attestieren,
1448,203,aufarbeiten,
1449,203,aufbereiten,
1450,203,aufbrauchen,
1451,203,aufdecken,
1452,203,auferlegen,
1453,203,auffangen,
1454,203,auffinden,
1455,203,auffüllen,
1456,203,aufgreifen,
1457,203,aufholen,
1458,203,aufhängen,
1459,203,auflaufen,
1460,203,aufrechterhalten,
1461,203,aufschließen,
1462,203,aufspielen,
1463,203,aufspüren,
1464,203,aufstocken,
1465,203,aufteilen,
1466,203,aufwarten,
1467,203,aufwenden,
1468,203,aufwerten,
1469,203,aufzeichnen,
1470,203,ausarbeiten,
1471,203,ausbleiben,
1472,203,ausbuchen,
1473,203,ausdenken,
1474,203,ausfällen,
1475,203,aushandeln,
1476,203,auskennen,
1477,203,ausklingen,
1478,203,auslassen,
1479,203,auslasten,
1480,203,auslaufen,
1481,203,ausleben,
1482,203,ausliefern,
1483,203,ausrollen,
1484,203,ausrufen,
1485,203,ausräumen,
1486,203,aussagen,"to testify, to state"
1487,203,ausschreiben,
1488,203,ausschöpfen,
1489,203,ausschütten,
1490,203,ausspielen,
1491,203,austoben,
1492,203,ausverkaufen,
1493,203,auswechseln,
1494,203,ausweiten,
1495,203,auszahlen,
1496,203,automatisieren,
1497,203,avancieren,
1498,203,bahnen,
1499,203,beanspruchen,
1500,203,beanstanden,
1501,203,beanständen,
1502,203,bedachen,
1503,203,bedrucken,
1504,203,befahren,
1505,203,befallen,
1506,203,beflügeln,
1507,203,befolgen,
1508,203,befristen,
1509,203,befüllen,
1510,203,befürworten,
1511,203,begehren,
1512,203,begleichen,
1513,203,begnügen,
1514,203,begutachten,
1515,203,begünstigen,
1516,203,beharren,
1517,203,beheben,
1518,203,beheimaten,
1519,203,beherbergen,
1520,203,beilegen,
1521,203,beisteuern,
1522,203,bejahen,
1523,203,bejubeln,
1524,203,bekennen,
1525,203,bekleiden,
1526,203,bekräftigen,
1527,203,bekunden,
1528,203,beladen,
1529,203,belassen,
1530,203,belaufen,
1531,203,belehren,
1532,203,belieben,
1533,203,beliefern,
1534,203,belästigen,
1535,203,bemängeln,
1536,203,benachrichtigen,
1537,203,benachteiligen,
1538,203,bereichern,
1539,203,bereisen,
1540,203,bereithalten,
1541,203,besagen,
1542,203,bescheiden,
1543,203,bescheinigen,
1544,203,bescheren,
1545,203,beschimpfen,
1546,203,beschlagnahmen,
1547,203,beschreiten,
1548,203,beschwören,
1549,203,besiegeln,
1550,203,besinnen,
1551,203,bessern,
1552,203,bestaunen,
1553,203,bestechen,
1554,203,besteigen,
1555,203,bestärken,
1556,203,bestücken,
1557,203,beteuern,
1558,203,betätigen,
1559,203,bewilligen,
1560,203,bewirtschaften,
1561,203,beziffern,
1562,203,bezweifeln,
1563,203,bezwingen,
1564,203,bilanzieren,
1565,203,blenden,
1566,203,blockieren,
1567,203,bloggen,
1568,203,boomen,
1569,203,bündeln,
1570,203,checken,
1571,203,darlegen,
1572,203,datieren,
1573,203,dazugeben,
1574,203,debattieren,
1575,203,dementieren,
1576,203,diagnostizieren,
1577,203,dirigieren,
1578,203,distanzieren,
1579,203,durchbrechen,
1580,203,durchdringen,
1581,203,durchhalten,
1582,203,durchlaufen,
1583,203,durchlesen,
1584,203,durchsuchen,
1585,203,ebnen,
1586,203,einberufen,
1587,203,einbetten,
1588,203,einbinden,
1589,203,einbüssen,
1590,203,eindämmen,
1591,203,einfahren,
1592,203,einfangen,
1593,203,einfinden,
1594,203,einfliessen,
1595,203,einfordern,
1596,203,einhergehen,
1597,203,einkehren,
1598,203,einliefern,
1599,203,einloggen,
1600,203,einläuten,
1601,203,einlösen,
1602,203,einmischen,
1603,203,einordnen,
1604,203,einplanen,
1605,203,einsenden,
1606,203,einsparen,
1607,203,einspielen,
1608,203,einstecken,
1609,203,einstimmen,
1610,203,einstudieren,
1611,203,einstufen,
1612,203,eintauchen,
1613,203,einteilen,
1614,203,einweihen,
1615,203,einwirken,
1616,203,entfachen,
1617,203,entgegennehmen,
1618,203,entgegensetzen,
1619,203,entgegenwirken,
1620,203,entgegnen,
1621,203,enthüllen,
1622,203,entlarven,
1623,203,entlasten,
1624,203,entpuppen,
1625,203,entrichten,
1626,203,entschädigen,
1627,203,entsenden,
1628,203,entspringen,
1629,203,entstammen,
1630,203,entwenden,
1631,203,entzünden,
1632,203,erachten,
1633,203,erahnen,
1634,203,erbauen,
1635,203,erben,
1636,203,erbeuten,
1637,203,erbitten,
1638,203,erblicken,
1639,203,erfragen,
1640,203,ergattern,
1641,203,ergehen,
1642,203,erhitzen,
1643,203,erklimmen,
1644,203,erklingen,
1645,203,erkämpfen,
1646,203,erliegen,
1647,203,erlösen,
1648,203,ermuntern,
1649,203,ermutigen,
1650,203,ermässigen,
1651,203,ernennen,
1652,203,erneuern,
1653,203,erobern,
1654,203,erproben,
1655,203,errechnen,
1656,203,erringen,
1657,203,erschlagen,
1658,203,erschüttern,
1659,203,erspielen,
1660,203,erstehen,
1661,203,erstrahlen,
1662,203,ertönen,
1663,203,erwirtschaften,
1664,203,erzwingen,
1665,203,eskalieren,
1666,203,favorisieren,
1667,203,fegen,
1668,203,fertigstellen,
1669,203,fesseln,
1670,203,festigen,
1671,203,festschreiben,
1672,203,filmen,
1673,203,filtern,
1674,203,fokussieren,
1675,203,forcieren,
1676,203,formieren,
1677,203,fortführen,
1678,203,freischalten,
1679,203,freisetzen,
1680,203,freistellen,
1681,203,färben,
1682,203,garen,
1683,203,gastieren,
1684,203,gebrechen,
1685,203,gebühren,
1686,203,gedulden,
1687,203,gefrieren,
1688,203,gegenüberstehen,
1689,203,geloben,
1690,203,generieren,
1691,203,gereichen,
1692,203,gesellen,
1693,203,gliedern,
1694,203,glücken,
1695,203,googlen,
1696,203,hadern,
1697,203,halbieren,
1698,203,handhaben,
1699,203,hangen,
1700,203,harmonieren,
1701,203,hausen,
1702,203,hemmen,
1703,203,heranführen,
1704,203,heranziehen,
1705,203,herausbringen,
1706,203,herausholen,
1707,203,herbeiführen,
1708,203,hergeben,
1709,203,herrichten,
1710,203,hervorbringen,
1711,203,hinbekommen,
1712,203,hingeben,
1713,203,hinlegen,
1714,203,hinschauen,
1715,203,hinterfragen,
1716,203,hinterlegen,
1717,203,hinziehen,
1718,203,hinzukommen,
1719,203,honorieren,
1720,203,häufen,
1721,203,hüten,
1722,203,illustrieren,
1723,203,implementieren,
1724,203,initiieren,
1725,203,inspirieren,
1726,203,intensivieren,
1727,203,involvieren,
1728,203,jubeln,
1729,203,kandidieren,
1730,203,kassieren,
1731,203,kicken,
1732,203,kippen,
1733,203,klarmachen,
1734,203,klarstellen,
1735,203,klatschen,
1736,203,kleiden,
1737,203,knallen,
1738,203,kollidieren,
1739,203,komplettieren,
1740,203,konkurrieren,
1741,203,konstatieren,
1742,203,kontern,
1743,203,kooperieren,
1744,203,koordinieren,
1745,203,koppeln,
1746,203,krachen,
1747,203,kratzen,
1748,203,kreuzen,
1749,203,krönen,
1750,203,kursieren,
1751,203,köpfen,
1752,203,küren,
1753,203,lackieren,
1754,203,lancieren,
1755,203,leugnen,
1756,203,lockern,
1757,203,loslegen,
1758,203,läuten,
1759,203,lüften,
1760,203,marschieren,
1761,203,meckern,
1762,203,mehren,
1763,203,mindern,
1764,203,minimieren,
1765,203,missachten,
1766,203,missbrauchen,
1767,203,missen,
1768,203,mitarbeiten,
1769,203,mitbekommen,
1770,203,miterleben,
1771,203,mitfahren,
1772,203,mitgestalten,
1773,203,mithalten,
1774,203,mithelfen,
1775,203,mitreden,
1776,203,mittragen,
1777,203,mobilisieren,
1778,203,moderieren,
1779,203,monieren,
1780,203,montieren,
1781,203,musizieren,
1782,203,münden,
1783,203,nachgeben,
1784,203,nachholen,
1785,203,nachkommen,
1786,203,nachlassen,
1787,203,nachlesen,
1788,203,nachvollziehen,
1789,203,niederlassen,
1790,203,niederlegen,
1791,203,niederschlagen,
1792,203,obliegen,
1793,203,offenbaren,
1794,203,offenlegen,
1795,203,offerieren,
1796,203,ordern,
1797,203,paaren,
1798,203,parieren,
1799,203,pausieren,
1800,203,pendeln,
1801,203,plaudern,
1802,203,pochen,
1803,203,polieren,
1804,203,praktizieren,
1805,203,predigen,
1806,203,preisgeben,
1807,203,prognostizieren,
1808,203,programmieren,
1809,203,propagieren,
1810,203,prophezeien,
1811,203,provozieren,
1812,203,prämieren,
1813,203,pumpen,
1814,203,radeln,
1815,203,ragen,
1816,203,rammen,
1817,203,rangieren,
1818,203,rasen,
1819,203,rasten,
1820,203,referieren,
1821,203,regulieren,
1822,203,reihen,
1823,203,rekonstruieren,
1824,203,relativieren,
1825,203,respektieren,
1826,203,restaurieren,
1827,203,resümieren,
1828,203,rocken,
1829,203,rügen,
1830,203,scheuen,
1831,203,schienen,
1832,203,schlendern,
1833,203,schleudern,
1834,203,schlucken,
1835,203,schlüpfen,
1836,203,schmieden,
1837,203,schmunzeln,
1838,203,schmücken,
1839,203,schnuppern,
1840,203,schnüren,
1841,203,schocken,
1842,203,schonen,
1843,203,schossen,
1844,203,schrauben,
1845,203,schrecken,
1846,203,schränken,
1847,203,schulen,
1848,203,schwanken,
1849,203,schwärmen,
1850,203,schädigen,
1851,203,schärfen,
1852,203,schöpfen,
1853,203,schüren,
1854,203,scrollen,
1855,203,sehnen,
1856,203,sensibilisieren,
1857,203,sichten,
1858,203,signalisieren,
1859,203,simulieren,
1860,203,skizzieren,
1861,203,speisen,
1862,203,spekulieren,
1863,203,spenden,
1864,203,spendieren,
1865,203,sprengen,
1866,203,standhalten,
1867,203,stapeln,
1868,203,stationieren,
1869,203,stemmen,
1870,203,stiften,
1871,203,stocken,
1872,203,stolpern,
1873,203,streamen,
1874,203,streicheln,
1875,203,streifen,
1876,203,streuen,
1877,203,strömen,
1878,203,stöbern,
1879,203,stürmen,
1880,203,suggerieren,
1881,203,symbolisieren,
1882,203,taufen,
1883,203,teilhaben,
1884,203,tendieren,
1885,203,thematisieren,
1886,203,titeln,
1887,203,tolerieren,
1888,203,trauern,
1889,203,triumphieren,
1890,203,trotzen,
1891,203,tummeln,
1892,203,tönen,
1893,203,umbenennen,
1894,203,umgestalten,
1895,203,umleiten,
1896,203,umrahmen,
1897,203,umschreiben,
1898,203,umsehen,
1899,203,unterbinden,
1900,203,untermauern,
1901,203,untersagen,
1902,203,unterteilen,
1903,203,unterwerfen,
1904,203,unterziehen,
1905,203,urteilen,
1906,203,variieren,
1907,203,verabreichen,
1908,203,verankern,
1909,203,veranschlagen,
1910,203,verantworten,
1911,203,verbannen,
1912,203,verbauen,
1913,203,verbuchen,
1914,203,verdecken,
1915,203,verdichten,
1916,203,verehren,
1917,203,verfehlen,
1918,203,verfeinern,
1919,203,verhelfen,
1920,203,verhängen,
1921,203,verkraften,
1922,203,verkörpern,
1923,203,verlagern,
1924,203,verlauten,
1925,203,verleiten,
1926,203,verlesen,
1927,203,verlinken,
1928,203,verlosen,
1929,203,vermarkten,
1930,203,vermelden,
1931,203,vermerken,
1932,203,vermischen,
1933,203,verneinen,
1934,203,vernetzen,
1935,203,verordnen,
1936,203,verrechnen,
1937,203,verrichten,
1938,203,verschlagen,
1939,203,verschleppen,
1940,203,verschlingen,
1941,203,verschlüsseln,
1942,203,verschmelzen,
1943,203,verschonen,
1944,203,versenken,
1945,203,versinken,
1946,203,versperren,
1947,203,verspielen,
1948,203,verspüren,
1949,203,verstauen,
1950,203,versterben,
1951,203,verstossen,
1952,203,verstreichen,
1953,203,vertagen,
1954,203,vertragen,
1955,203,verunsichern,
1956,203,vervollständigen,
1957,203,verwehren,
1958,203,verwerfen,
1959,203,verwerten,
1960,203,verwickeln,
1961,203,verwöhnen,
1962,203,verzaubern,
1963,203,verzieren,
1964,203,verzögern,
1965,203,veräußern,
1966,203,verüben,
1967,203,vollbringen,
1968,203,vollenden,
1969,203,voranbringen,
1970,203,vorantreiben,
1971,203,vorausgehen,
1972,203,vorbehalten,
1973,203,vorbeischauen,
1974,203,vorenthalten,
1975,203,vorfinden,
1976,203,vorführen,
1977,203,vorhalten,
1978,203,vorhersagen,
1979,203,votieren,
1980,203,wackeln,
1981,203,wappnen,
1982,203,wegdenken,
1983,203,wegfallen,
1984,203,weilen,
1985,203,weiterempfehlen,
1986,203,weiterentwickeln,
1987,203,weiterhelfen,
1988,203,weiterlesen,
1989,203,weitern,
1990,203,wickeln,
1991,203,widerlegen,
1992,203,widerrufen,
1993,203,widerspiegeln,
1994,203,wiedererkennen,
1995,203,wiederfinden,
1996,203,wiedergeben,
1997,203,wiederwählen,
1998,203,wischen,
1999,203,wärmen,
2000,203,würdigen,
2001,203,zelebrieren,
2002,203,zerbrechen,
2003,203,zerlegen,
2004,203,zertifizieren,
2005,203,zeugen,
2006,203,zieren,
2007,203,zollen,
2008,203,zufügen,
2009,203,zugestehen,
2010,203,zumuten,
2011,203,zurechnen,
2012,203,zurückholen,
2013,203,zurücklassen,
2014,203,zurückzahlen,
2015,203,zusammenbrechen,
2016,203,zusammenbringen,
2017,203,zusammenfinden,
2018,203,zusammenführen,
2019,203,zusammenhalten,
2020,203,zusammenschließen,
2021,203,zusammentragen,
2022,203,zuschicken,
2023,203,zuschlagen,
2024,203,zuschneiden,
2025,203,zuschreiben,
2026,203,zusenden,
2027,203,zusichern,
2028,203,zusprechen,
2029,203,zustellen,
2030,203,zuziehen,
2031,203,überbieten,
2032,203,überbringen,
2033,203,überbrücken,
2034,203,überdenken,
2035,203,überführen,
2036,203,überragen,
2037,203,überschlagen,
2038,203,überspringen,
2039,203,übersteigen,
2040,203,übertreffen,
2041,203,überwiegen,
2042,203,überwältigen,
2043,203,verbrechen,to commit (a crime)
2044,203,linken,"to deceive someone, to con someone"
2045,203,abkommen,
2046,203,anscheinen,
2047,203,assoziieren,
2048,203,ausgestalten,
2049,203,autorisieren,
2050,203,breiten,
2051,203,doppeln,
2052,203,dritteln,
2053,203,durchmessen,
2054,203,echoen,
2055,203,einen,
2056,203,ersehen,
2057,203,ersuchen,
2058,203,fasern,
2059,203,freien,
2060,203,frieden,
2061,203,globalisieren,
2062,203,haken,
2063,203,herschieben,
2064,203,hervorragen,
2065,203,hervorwagen,
2066,203,jungen,
2067,203,kanten,
2068,203,knoten,
2069,203,komplizieren,
2070,203,krümeln,
2071,203,länden,
2072,203,langen,
2073,203,lasten,
2074,203,leiben,
2075,203,lodern,
2076,203,mengen,
2077,203,mosern,
2078,203,navigieren,
2079,203,normen,
2080,203,nuten,
2081,203,polen,
2082,203,punkten,
2083,203,rahmen,
2084,203,rechten,
2085,203,reifen,
2086,203,schatten,
2087,203,schichten,
2088,203,schnellen,
2089,203,schönen,
2090,203,seihen,
2091,203,spuren,
2092,203,stunden,
2093,203,übereinkommen,
2094,203,überfragen,
2095,203,überliegen,
2096,203,überschreien,
2097,203,verscheiden,
2098,203,verschilfen,
2099,203,verschneien,
2100,203,verwehen,
2101,203,vorbeireiten,
2102,203,vorschlafen,
2103,203,weißen,
2104,203,wesen,
2105,203,wundernehmen,
2106,203,zerfahren,
2107,203,zusammenstoßen,
2108,204,verzweifeln,to despair
2109,204,antun,"to do something to someone, to appeal to someone"
2110,204,bersten,
2111,204,fechten,
2112,204,genesen,
2113,204,kneifen,
2114,204,rauschen,
2115,204,seufzen,
2116,204,benehmen,to behave (refl.)
2117,204,erschweren,to burden
2118,205,entschleunigen,"to decelerate, to slow down"
2119,205,aufmerken,to pay attention
2120,205,zurückbringen,"to return something, to restore"
2121,205,leeren,to empty
2122,205,kämmen,to comb
2123,205,salzen,to season with salt
2124,205,härten,to harden
2125,205,beglücken,to make happy
2126,205,befreunden,to befriend (refl.)
2127,205,beglückwünschen,"to congratulate, to felicitate"
2128,205,ausbestehen,to consist
2129,205,kapieren,"to understand intellectually (coll.), to get (coll.)"
2130,205,abhauen,"to cut off (cutting weapon), to do a runner, to piss off"
2131,205,wahren,"to protect, to safeguard, to maintain, to preserve"
2132,205,rausfinden,to figure out (coll.)
2133,205,ficken,to fuck
2134,205,verarschen,"to trick, to fool"
2135,205,durchmachen,"to go through, to endure, to undergo, to finish, to stay up all night"
2136,205,reinlegen,to spoof (coll.)
2137,205,einsperren,"to lock up, to imprison"
2138,205,anlügen,"to lie to, to tell someone a lie"
2139,205,bescheissen,"to deceive someone, to screw someone"
2140,205,rausholen,"to spring someone (from a trap, prison etc.), to spring something (suddenly), to whip it out"
2141,205,reingehen,to go in
2142,205,verfluchen,to curse
2143,205,anschießen,"to shoot along, to shoot someone"
2144,205,versauen,"to mess something up, to butcher something, to cock something up"
2145,205,flehen,"to beg, to entreat, to beseech"
2146,205,nachsehen,"to chech back, to peek, to look something up/over"
2147,205,vermasseln,"to screw up, to botch, to goof, to muddle"
2148,205,verprügeln,"to beat someone up, to wallop"
2149,205,weglaufen,to run away
2150,205,stöhnen,"to moan, to groan"
2151,205,umrühen,to stir
2152,205,anhängen,to attach
2153,205,ausstecken,to unplug
2154,205,abtrennen,to detach
2155,205,beben,
2156,205,bellen,
2157,205,brauen,
2158,205,brausen,
2159,205,bürsten,
2160,205,dämmen,
2161,205,dämmern,
2162,205,dampfen,
2163,205,dichten,
2164,205,ducken,
2165,205,dürsten,
2166,205,einatmen,
2167,205,einbilden,
2168,205,entbehren,
2169,205,entgegenen,
2170,205,flicken,
2171,205,fluchen,
2172,205,fluten,
2173,205,gähnen,
2174,205,gären,
2175,205,genieren,
2176,205,glotzen,
2177,205,glühen,
2178,205,grollen,
2179,205,hämmern,
2180,205,herausbekommen,
2181,205,immatrikulieren,
2182,205,imponieren,
2183,205,jammern,
2184,205,jauchzen,
2185,205,jaulen,
2186,205,jobben,
2187,205,jodeln,
2188,205,jucken,
2189,205,justieren,
2190,205,kauen,
2191,205,lecken,
2192,205,lichten,
2193,205,lutschen,
2194,205,mahlen,
2195,205,nagen,
2196,205,naschen,
2197,205,necken,
2198,205,pachten,
2199,205,qualmen,
2200,205,quetschen,
2201,205,quietschen,
2202,205,rösten,
2203,205,scherzen,
2204,205,schlachten,
2205,205,schmieren,
2206,205,sieden,
2207,205,sprühen,
2208,205,spucken,
2209,205,tropfen,
2210,205,verachten,
2211,205,verkommen,
2212,205,vermehren,
2213,205,wälzen,
2214,205,wetzen,
2215,205,zähmen,
2216,205,zapfen,
2217,205,abbringen,to dissuade
2218,205,adressieren,to address
2219,205,ängstigen,to frighten
2220,205,ekeln,to disgust
2221,205,fussen,to be based on
2222,205,spotten,to mock
2223,205,verheimlichen,to conceal
2224,205,altern,to age
2225,205,befehligen,to command
2226,205,bewachen,to guard
2227,205,knien,to kneel